Course_Code,CRN,Source_DB
AAAS 1000,crn:9699,1253
AAAS 2020,crn:13150,1253
AAAS 2201,crn:2927,1253
AAAS 2530,crn:13151,1253
AAAS 2822,crn:12424,1253
AAAS 2868W,crn:9482,1253
AAAS 3212,crn:10298,1253
AAAS 3282,crn:9697,1253
AAAS 3531,crn:12506,1253
AAAS 3809,crn:9421,1253
AAAS 3845,crn:9449,1253
AAAS 3998,crn:9875,1253
AAAS 4100,crn:9698,1253
AAAS 4999,crn:9695,1253
ACCT 2001,crn:7351,1253
ACCT 2101,crn:7361,1253
ACCT 3201,crn:7393,1253
ACCT 3202,crn:7399,1253
ACCT 3210,crn:7424,1253
ACCT 3221,crn:7405,1253
ACCT 3260,crn:7415,1253
ACCT 3265,crn:7421,1253
ACCT 4243,crn:7407,1253
ACCT 4265,crn:7422,1253
ACCT 4881,crn:13281,1253
ACCT 4997W,crn:7419,1253
AFRA 1100,crn:9685,1253
AFRA 2211,crn:9687,1253
AFRA 2214,crn:10300,1253
AFRA 2214W,crn:10302,1253
AFRA 2222,crn:9692,1253
AFRA 2345,crn:7349,1253
AFRA 2510,crn:9745,1253
AFRA 2530,crn:13000,1253
AFRA 2752,crn:9404,1253
AFRA 3050W,crn:9690,1253
AFRA 3106,crn:9682,1253
AFRA 3155,crn:8351,1253
AFRA 3215W,crn:10347,1253
AFRA 3299,crn:9688,1253
AFRA 3563,crn:9412,1253
AFRA 3565,crn:9488,1253
AFRA 3568,crn:9684,1253
AFRA 3569,crn:9450,1253
AFRA 3619W,crn:9453,1253
AFRA 3652,crn:13009,1253
AFRA 3898,crn:9691,1253
AFRA 3898,crn:9920,1253
AFRA 4994W,crn:13228,1253
AH 1030,crn:10819,1253
AH 1100,crn:10817,1253
AH 1200,crn:11922,1253
AH 2001,crn:10820,1253
AH 3000,crn:12524,1253
AH 3005,crn:10832,1253
AH 3025,crn:10844,1253
AH 3030,crn:10858,1253
AH 3091,crn:10818,1253
AH 3099,crn:14586,1253
AH 3101,crn:10816,1253
AH 3173,crn:10813,1253
AH 3175E,crn:10797,1253
AH 3203,crn:12412,1253
AH 3234,crn:10815,1253
AH 3278,crn:10814,1253
AH 3289,crn:10849,1253
AH 3571,crn:10803,1253
AH 3574,crn:10804,1253
AH 4092,crn:10831,1253
AH 4095,crn:10805,1253
AH 4239,crn:10829,1253
AH 4240W,crn:10822,1253
AH 4241,crn:10799,1253
AH 4242,crn:10800,1253
AH 4243,crn:10801,1253
AH 4244,crn:10802,1253
AH 4288,crn:10845,1253
AH 4289,crn:10850,1253
AH 4291,crn:10821,1253
AH 4297W,crn:10836,1253
AH 4501,crn:12525,1253
AH 4503,crn:10843,1253
AH 4530,crn:12545,1253
AHNR 3095,crn:14842,1253
AHNR 3095,crn:12383,1253
AHNR 3099,crn:11671,1253
AHNR 3316,crn:11674,1253
AHNR 4500,crn:11676,1253
AIRF 1200,crn:3098,1253
AIRF 2200,crn:3101,1253
AIRF 3200,crn:3107,1253
AIRF 3500,crn:3104,1253
AIRF 4200,crn:3105,1253
AMST 1201,crn:10312,1253
AMST 2204,crn:6733,1253
AMST 2276,crn:10352,1253
AMST 2550,crn:12861,1253
AMST 3265W,crn:10316,1253
AMST 3531,crn:12507,1253
AMST 3570,crn:8864,1253
AMST 3699,crn:9694,1253
ANSC 1111,crn:7562,1253
ANSC 1602,crn:7428,1253
ANSC 1645,crn:7430,1253
ANSC 1676,crn:2674,1253
ANSC 2251,crn:7440,1253
ANSC 2271,crn:7587,1253
ANSC 2276,crn:14182,1253
ANSC 2685,crn:13036,1253
ANSC 2685,crn:13035,1253
ANSC 2685,crn:13037,1253
ANSC 2690,crn:13063,1253
ANSC 2699,crn:7457,1253
ANSC 3122,crn:7433,1253
ANSC 3194,crn:7453,1253
ANSC 3272,crn:7447,1253
ANSC 3311,crn:7567,1253
ANSC 3312W,crn:7568,1253
ANSC 3316,crn:7571,1253
ANSC 3317W,crn:7572,1253
ANSC 3452,crn:7445,1253
ANSC 3453,crn:7438,1253
ANSC 3457,crn:7578,1253
ANSC 3551,crn:7580,1253
ANSC 3553,crn:7579,1253
ANSC 3554,crn:7581,1253
ANSC 3641,crn:7559,1253
ANSC 3642W,crn:7561,1253
ANSC 3663,crn:7452,1253
ANSC 3674,crn:7431,1253
ANSC 3691,crn:7454,1253
ANSC 3790,crn:7582,1253
ANSC 4341,crn:7437,1253
ANSC 4342W,crn:7569,1253
ANSC 4457,crn:7443,1253
ANSC 4662W,crn:7450,1253
ANSC 4697W,crn:7551,1253
ANTH 1000,crn:8228,1253
ANTH 1000W,crn:8308,1253
ANTH 1001W,crn:8321,1253
ANTH 1006,crn:8252,1253
ANTH 1010E,crn:8335,1253
ANTH 1500,crn:8326,1253
ANTH 2000,crn:8268,1253
ANTH 2000W,crn:8266,1253
ANTH 2502,crn:8277,1253
ANTH 2510,crn:11921,1253
ANTH 2511,crn:13156,1253
ANTH 2600,crn:8336,1253
ANTH 3021,crn:8274,1253
ANTH 3050W,crn:8363,1253
ANTH 3081,crn:8353,1253
ANTH 3091,crn:14014,1253
ANTH 3096,crn:8348,1253
ANTH 3099,crn:8287,1253
ANTH 3155,crn:8352,1253
ANTH 3250,crn:8276,1253
ANTH 3251,crn:8282,1253
ANTH 3300,crn:8285,1253
ANTH 3342,crn:13280,1253
ANTH 3350,crn:8275,1253
ANTH 3401,crn:12257,1253
ANTH 3532,crn:11930,1253
ANTH 3701,crn:8284,1253
ANTH 3902,crn:8283,1253
ANTH 3904,crn:8365,1253
ANTH 4097W,crn:8356,1253
ARAB 1002,crn:6685,1253
ARAB 1004,crn:6689,1253
ARAB 1771,crn:6691,1253
ARAB 3299,crn:6527,1253
ARAB 3550W,crn:6728,1253
ARAB 3771,crn:14214,1253
ARE 1110E,crn:10200,1253
ARE 1333Q,crn:10220,1253
ARE 2155,crn:10219,1253
ARE 2210,crn:3010,1253
ARE 2215,crn:10205,1253
ARE 2434E,crn:10202,1253
ARE 2435W,crn:10208,1253
ARE 2464,crn:10212,1253
ARE 3221,crn:10204,1253
ARE 3305E,crn:10217,1253
ARE 4205,crn:10213,1253
ARE 4217,crn:10201,1253
ARE 4462E,crn:10203,1253
ARE 4900,crn:13041,1253
ARE 4999,crn:14226,1253
ARIS 1170,crn:6743,1253
ARIS 1211,crn:6730,1253
ARIS 3710,crn:12921,1253
ART 1000,crn:12033,1253
ART 1020,crn:8737,1253
ART 1030,crn:8738,1253
ART 1040,crn:8741,1253
ART 2010,crn:8744,1253
ART 2011,crn:8762,1253
ART 2110,crn:8752,1253
ART 2210,crn:8767,1253
ART 2220,crn:8842,1253
ART 2310,crn:8750,1253
ART 2410,crn:8753,1253
ART 2420,crn:8764,1253
ART 2510,crn:8745,1253
ART 2610,crn:8747,1253
ART 3010,crn:8756,1253
ART 3030,crn:8761,1253
ART 3110,crn:8763,1253
ART 3132,crn:8838,1253
ART 3310,crn:8759,1253
ART 3350,crn:8760,1253
ART 3455,crn:8840,1253
ART 3510,crn:8757,1253
ART 3530,crn:8758,1253
ART 3615,crn:8843,1253
ART 3701,crn:8847,1253
ART 3720,crn:8845,1253
ART 3730,crn:8844,1253
ART 3991,crn:14854,1253
ART 3991,crn:8769,1253
ART 3991,crn:8770,1253
ART 3991,crn:8778,1253
ART 3991,crn:8773,1253
ART 3991,crn:8772,1253
ART 3998,crn:11934,1253
ART 3999,crn:8782,1253
ART 4110,crn:8765,1253
ART 4130,crn:8766,1253
ART 4901,crn:8779,1253
ARTH 1128,crn:8834,1253
ARTH 1138,crn:12037,1253
ARTH 1141,crn:12932,1253
ARTH 2020,crn:8848,1253
ARTH 2222,crn:9693,1253
ARTH 2993,crn:8839,1253
ARTH 3050W,crn:9689,1253
ARTH 3460,crn:8828,1253
ARTH 3530W,crn:8817,1253
ARTH 3570,crn:8863,1253
ARTH 3710,crn:8846,1253
ARTH 3991,crn:8819,1253
ARTH 3993,crn:8818,1253
ARTH 3995,crn:9700,1253
ARTH 4099,crn:8820,1253
ASLN 1102,crn:9534,1253
ASLN 1103,crn:13147,1253
ASLN 1104,crn:9549,1253
ASLN 2500,crn:9576,1253
ASLN 2800,crn:9578,1253
ASLN 3254,crn:9573,1253
ASLN 3290,crn:9584,1253
ASLN 3292,crn:9583,1253
ASLN 3299,crn:9547,1253
ASLN 3306W,crn:9582,1253
ASLN 3650,crn:9572,1253
ASLN 3800,crn:9579,1253
BADM 1801,crn:11145,1253
BADM 2101,crn:7376,1253
BADM 2234,crn:9669,1253
BADM 2235,crn:11191,1253
BADM 2237,crn:9176,1253
BADM 2238,crn:9184,1253
BADM 3103,crn:10456,1253
BADM 3104,crn:10471,1253
BADM 3201,crn:7396,1253
BADM 3202,crn:7402,1253
BADM 3221,crn:7406,1253
BADM 3234,crn:9590,1253
BADM 3235,crn:9630,1253
BADM 3255,crn:9187,1253
BADM 3258,crn:9189,1253
BADM 3260,crn:7417,1253
BADM 3274,crn:9081,1253
BADM 3301,crn:10493,1253
BADM 3302,crn:10510,1253
BADM 3401,crn:10477,1253
BADM 3402,crn:10496,1253
BADM 3452,crn:9132,1253
BADM 3454,crn:9150,1253
BADM 3601,crn:10516,1253
BADM 3602,crn:10518,1253
BADM 3603,crn:10489,1253
BADM 3661,crn:9156,1253
BADM 3665,crn:9137,1253
BADM 3701,crn:10443,1253
BADM 3720,crn:9090,1253
BADM 3730,crn:10376,1253
BADM 3740,crn:11152,1253
BADM 3741,crn:9670,1253
BADM 3742,crn:9672,1253
BADM 3750,crn:9119,1253
BADM 3757,crn:9166,1253
BADM 4243,crn:7411,1253
BADM 4741,crn:9676,1253
BADM 4895,crn:12953,1253
BADM 4895,crn:13020,1253
BADM 4895,crn:13138,1253
BIOL 1102,crn:3280,1253
BIOL 1107,crn:3299,1253
BIOL 1108,crn:3343,1253
BIOL 1109,crn:3357,1253
BIOL 1109,crn:12501,1253
BLAW 2238,crn:9185,1253
BLAW 3175,crn:9082,1253
BLAW 3252,crn:9170,1253
BLAW 3254,crn:9173,1253
BLAW 3274,crn:9080,1253
BME 3120,crn:8707,1253
BME 3320,crn:8718,1253
BME 3401,crn:8717,1253
BME 3620,crn:8722,1253
BME 3700,crn:8657,1253
BME 3740,crn:8719,1253
BME 3750,crn:8725,1253
BME 3760,crn:8731,1253
BME 3780,crn:8732,1253
BME 3900,crn:8713,1253
BME 4130,crn:8720,1253
BME 4201,crn:8709,1253
BME 4300,crn:8703,1253
BME 4410,crn:8733,1253
BME 4500,crn:8656,1253
BME 4730,crn:8735,1253
BME 4810,crn:8721,1253
BME 4910W,crn:8714,1253
BME 4985,crn:8701,1253
BME 4985,crn:11070,1253
BME 4999,crn:8669,1253
BUSN 1801,crn:11164,1253
BUSN 2235,crn:11188,1253
BUSN 3003W,crn:11160,1253
BUSN 3004W,crn:11166,1253
BUSN 3005,crn:11153,1253
BUSN 4897W,crn:11187,1253
CAMS 1102,crn:6528,1253
CAMS 1103,crn:6537,1253
CAMS 1124,crn:6538,1253
CAMS 3102,crn:2759,1253
CAMS 3102,crn:14809,1253
CAMS 3102,crn:2689,1253
CAMS 3208,crn:6539,1253
CAMS 3213,crn:6540,1253
CAMS 3242W,crn:6541,1253
CAMS 3257,crn:13917,1253
CAMS 3299,crn:13915,1253
CAMS 3321,crn:6709,1253
CAMS 3326,crn:9462,1253
CAMS 3330,crn:6579,1253
CAMS 4096W,crn:6720,1253
CE 2110,crn:6060,1253
CE 2211,crn:6173,1253
CE 2251,crn:6068,1253
CE 2500,crn:11394,1253
CE 2710,crn:6069,1253
CE 3110,crn:6080,1253
CE 3251,crn:6226,1253
CE 3520,crn:6064,1253
CE 3630,crn:6153,1253
CE 3997,crn:6230,1253
CE 4220,crn:6227,1253
CE 4410,crn:6075,1253
CE 4720,crn:6171,1253
CE 4920W,crn:6192,1253
CE 4997,crn:6255,1253
CE 4999,crn:6086,1253
CEWP 4297,crn:11835,1253
CHEG 2111,crn:10025,1253
CHEG 2201,crn:10111,1253
CHEG 3124,crn:10029,1253
CHEG 3128,crn:10089,1253
CHEG 3151,crn:10032,1253
CHEG 3156,crn:13125,1253
CHEG 3173,crn:10036,1253
CHEG 4139,crn:10090,1253
CHEG 4143W,crn:10093,1253
CHEG 4147,crn:10031,1253
CHEG 4235,crn:10112,1253
CHEG 4989,crn:10040,1253
CHEG 4995,crn:13242,1253
CHEG 4995,crn:10037,1253
CHEG 4995,crn:13244,1253
CHEM 1122,crn:3359,1253
CHEM 1124Q,crn:3557,1253
CHEM 1125Q,crn:3568,1253
CHEM 1126Q,crn:3580,1253
CHEM 1127Q,crn:3375,1253
CHEM 1128Q,crn:3422,1253
CHEM 1148Q,crn:3485,1253
CHEM 1194,crn:3492,1253
CHEM 2241,crn:3491,1253
CHEM 2242,crn:12399,1253
CHEM 2443,crn:3514,1253
CHEM 2444,crn:3516,1253
CHEM 2445,crn:3520,1253
CHEM 2446,crn:3507,1253
CHEM 3189,crn:13065,1253
CHEM 3195,crn:13053,1253
CHEM 3195,crn:3540,1253
CHEM 3199,crn:13121,1253
CHEM 3214,crn:3494,1253
CHEM 3215,crn:3495,1253
CHEM 3332,crn:3503,1253
CHEM 3334,crn:3502,1253
CHEM 3564,crn:3536,1253
CHEM 3565W,crn:3537,1253
CHEM 3661,crn:3556,1253
CHEM 4196W,crn:13122,1253
CHIN 1111,crn:6692,1253
CHIN 1112,crn:6693,1253
CHIN 1113,crn:6695,1253
CHIN 1114,crn:6696,1253
CHIN 1121,crn:6697,1253
CHIN 1122,crn:6698,1253
CHIN 3211,crn:6713,1253
CHIN 3230,crn:6714,1253
CHIN 3250W,crn:6716,1253
CHIN 3282,crn:9696,1253
CHIN 3295,crn:13883,1253
CHIN 3299,crn:13657,1253
CLCS 1102,crn:6659,1253
CLCS 1110,crn:6701,1253
CLCS 2201,crn:6706,1253
CLCS 2204,crn:6734,1253
COGS 2201,crn:7176,1253
COGS 2345,crn:7350,1253
COGS 3584,crn:7177,1253
COGS 3589,crn:13965,1253
COGS 3599,crn:7236,1253
COGS 4596W,crn:7293,1253
COMM 1000,crn:8051,1253
COMM 1100,crn:8080,1253
COMM 2000Q,crn:8112,1253
COMM 2010Q,crn:8187,1253
COMM 2100,crn:8173,1253
COMM 2110,crn:8178,1253
COMM 2200,crn:8102,1253
COMM 2300,crn:8113,1253
COMM 2500,crn:8104,1253
COMM 2600,crn:8100,1253
COMM 2700,crn:8171,1253
COMM 3110,crn:8109,1253
COMM 3210,crn:8111,1253
COMM 3222W,crn:8175,1253
COMM 3240,crn:8103,1253
COMM 3310W,crn:8164,1253
COMM 3320,crn:9892,1253
COMM 3321,crn:8163,1253
COMM 3410,crn:8185,1253
COMM 3420,crn:12517,1253
COMM 3420W,crn:8184,1253
COMM 3430W,crn:8183,1253
COMM 3520,crn:8190,1253
COMM 3530,crn:8108,1253
COMM 3600,crn:8116,1253
COMM 3600W,crn:8182,1253
COMM 3610,crn:8168,1253
COMM 3610W,crn:8167,1253
COMM 4530W,crn:12293,1253
COMM 4540,crn:12368,1253
COMM 4640,crn:8176,1253
COMM 4799,crn:8179,1253
COMM 4979,crn:8180,1253
COMM 4981,crn:8107,1253
COMM 4982,crn:8106,1253
COMM 4997W,crn:8117,1253
COMM 4999,crn:14768,1253
CSE 1010,crn:6057,1253
CSE 2050,crn:5983,1253
CSE 2102,crn:5868,1253
CSE 2301,crn:6030,1253
CSE 2500,crn:5795,1253
CSE 2600,crn:6055,1253
CSE 3000,crn:5904,1253
CSE 3100,crn:5944,1253
CSE 3140,crn:6022,1253
CSE 3150,crn:6007,1253
CSE 3160,crn:6047,1253
CSE 3200,crn:6045,1253
CSE 3250,crn:6054,1253
CSE 3300,crn:5882,1253
CSE 3400,crn:6019,1253
CSE 3500,crn:5883,1253
CSE 3502,crn:5881,1253
CSE 3504,crn:5794,1253
CSE 3666,crn:5892,1253
CSE 4095,crn:5889,1253
CSE 4095,crn:12236,1253
CSE 4099,crn:5802,1253
CSE 4102,crn:5880,1253
CSE 4300,crn:5800,1253
CSE 4400,crn:6020,1253
CSE 4412,crn:6048,1253
CSE 4502,crn:6021,1253
CSE 4701,crn:5799,1253
CSE 4705,crn:5801,1253
CSE 4820,crn:6037,1253
CSE 4830,crn:6053,1253
CSE 4940,crn:5930,1253
CSE 4997,crn:5962,1253
DGS 3999,crn:11644,1253
DGS 4234,crn:11646,1253
DGS 4234W,crn:11650,1253
DGS 4235,crn:11639,1253
DGS 4402,crn:11654,1253
DGS 4503,crn:11641,1253
DGS 4510,crn:11642,1253
DGS 4512,crn:11648,1253
DGS 4513,crn:11649,1253
DGS 4515,crn:11643,1253
DGS 4604,crn:11653,1253
DGS 4850,crn:11652,1253
DGS 4997,crn:11647,1253
DIET 3099,crn:11601,1253
DIET 3215,crn:11610,1253
DIET 3230,crn:11615,1253
DIET 3231W,crn:11614,1253
DIET 3235,crn:11609,1253
DIET 3250,crn:11606,1253
DIET 3255,crn:11607,1253
DIET 3272,crn:11613,1253
DIET 3296,crn:11617,1253
DIET 4370,crn:11604,1253
DIET 4415,crn:11605,1253
DIET 4435,crn:11611,1253
DIET 4455,crn:11612,1253
DIET 4470,crn:11600,1253
DMD 1002,crn:8929,1253
DMD 1060,crn:8927,1253
DMD 1101,crn:3023,1253
DMD 1102,crn:8938,1253
DMD 2010,crn:8861,1253
DMD 2200,crn:8849,1253
DMD 2210,crn:3025,1253
DMD 2230,crn:8944,1253
DMD 2300,crn:8850,1253
DMD 2500,crn:2704,1253
DMD 2542,crn:8884,1253
DMD 2550,crn:8885,1253
DMD 2580,crn:8961,1253
DMD 2710,crn:8877,1253
DMD 2810,crn:8946,1253
DMD 3010W,crn:8880,1253
DMD 3030,crn:8851,1253
DMD 3035,crn:8886,1253
DMD 3099,crn:14733,1253
DMD 3200,crn:8854,1253
DMD 3205,crn:8856,1253
DMD 3240,crn:8920,1253
DMD 3300,crn:8858,1253
DMD 3310,crn:8859,1253
DMD 3470,crn:8887,1253
DMD 3475,crn:8921,1253
DMD 3500,crn:8867,1253
DMD 3570,crn:8865,1253
DMD 3582,crn:8960,1253
DMD 3641,crn:8958,1253
DMD 3730,crn:8891,1253
DMD 3750,crn:8967,1253
DMD 3820,crn:8953,1253
DMD 3840,crn:8956,1253
DMD 3850,crn:8949,1253
DMD 3998,crn:8893,1253
DMD 3998,crn:8894,1253
DMD 3998,crn:8892,1253
DMD 3998,crn:8895,1253
DMD 4025,crn:8901,1253
DMD 4040,crn:8866,1253
DMD 4045,crn:8925,1253
DMD 4075,crn:8897,1253
DMD 4081,crn:8869,1253
DMD 4086,crn:8900,1253
DMD 4310,crn:8860,1253
DMD 4350,crn:8924,1253
DMD 4500,crn:8862,1253
DMD 4536,crn:12950,1253
DMD 4725,crn:8952,1253
DMD 4835,crn:8957,1253
DMD 4860,crn:8968,1253
DRAM 1101,crn:7903,1253
DRAM 1110,crn:12491,1253
DRAM 1202,crn:7984,1253
DRAM 1209,crn:7987,1253
DRAM 1217,crn:8032,1253
DRAM 1218,crn:8033,1253
DRAM 1282,crn:7985,1253
DRAM 1702,crn:7906,1253
DRAM 1710,crn:7988,1253
DRAM 1802,crn:7907,1253
DRAM 1902,crn:7989,1253
DRAM 2120,crn:8050,1253
DRAM 2131,crn:7904,1253
DRAM 2702,crn:7983,1253
DRAM 2812,crn:7990,1253
DRAM 2902,crn:7991,1253
DRAM 3103,crn:7910,1253
DRAM 3130,crn:7912,1253
DRAM 3139,crn:8029,1253
DRAM 3141W,crn:13278,1253
DRAM 3182,crn:7914,1253
DRAM 3194,crn:8042,1253
DRAM 3199,crn:7926,1253
DRAM 3201,crn:7908,1253
DRAM 3219,crn:8044,1253
DRAM 3402,crn:12893,1253
DRAM 3604,crn:7924,1253
DRAM 3608,crn:8048,1253
DRAM 3995,crn:8037,1253
DRAM 3995,crn:8036,1253
DRAM 4194,crn:7925,1253
DRAM 4704,crn:7923,1253
DRAM 4705,crn:7913,1253
DRAM 4901,crn:8045,1253
DRAM 4911,crn:7911,1253
DRAM 4931,crn:7921,1253
DSDA 1995,crn:13223,1253
DSDA 4815,crn:13222,1253
ECE 1401,crn:7891,1253
ECE 2001,crn:7865,1253
ECE 3001,crn:7750,1253
ECE 3101,crn:7746,1253
ECE 3111,crn:7752,1253
ECE 3161,crn:7888,1253
ECE 3163,crn:7901,1253
ECE 3201,crn:7847,1253
ECE 3211,crn:7851,1253
ECE 3221,crn:7751,1253
ECE 3225,crn:7860,1253
ECE 3401,crn:7846,1253
ECE 3411,crn:7783,1253
ECE 3421,crn:7756,1253
ECE 4079,crn:7759,1253
ECE 4096,crn:13943,1253
ECE 4097,crn:13172,1253
ECE 4099,crn:7789,1253
ECE 4111,crn:7842,1253
ECE 4122,crn:7785,1253
ECE 4131,crn:7766,1253
ECE 4132,crn:7845,1253
ECE 4141,crn:7856,1253
ECE 4161,crn:7902,1253
ECE 4211,crn:7843,1253
ECE 4244,crn:7857,1253
ECE 4550,crn:7890,1253
ECE 4900W,crn:7895,1253
ECE 4902,crn:7787,1253
ECON 1000,crn:2612,1253
ECON 1108,crn:9975,1253
ECON 1201,crn:9938,1253
ECON 1202,crn:9934,1253
ECON 2101,crn:9941,1253
ECON 2101W,crn:12080,1253
ECON 2102,crn:9942,1253
ECON 2120,crn:10010,1253
ECON 2201,crn:9950,1253
ECON 2202,crn:9952,1253
ECON 2211Q,crn:9998,1253
ECON 2212Q,crn:10000,1253
ECON 2301Q,crn:9948,1253
ECON 2311Q,crn:9943,1253
ECON 2312Q,crn:10002,1253
ECON 2326,crn:9949,1253
ECON 2411,crn:9955,1253
ECON 2440,crn:12299,1253
ECON 2441,crn:9959,1253
ECON 2447,crn:9996,1253
ECON 2451,crn:10018,1253
ECON 2456,crn:12702,1253
ECON 2481,crn:9974,1253
ECON 2491,crn:12087,1253
ECON 2491W,crn:9976,1253
ECON 2499,crn:9982,1253
ECON 2500W,crn:9984,1253
ECON 3103,crn:10009,1253
ECON 3208,crn:9993,1253
ECON 3315,crn:10005,1253
ECON 3317,crn:10023,1253
ECON 3321,crn:10020,1253
ECON 3322,crn:10021,1253
ECON 3413,crn:12337,1253
ECON 3422,crn:9956,1253
ECON 3461,crn:9957,1253
ECON 3466E,crn:9995,1253
ECON 3468,crn:9958,1253
ECON 3473,crn:12085,1253
ECON 3492,crn:12344,1253
ECON 3495,crn:9963,1253
ECON 3499,crn:9964,1253
ECON 4323,crn:10011,1253
ECON 4494W,crn:9962,1253
ECON 4497W,crn:9960,1253
EDCI 1100,crn:2933,1253
EDCI 2100,crn:10193,1253
EDCI 3211,crn:10195,1253
EDCI 3212,crn:10196,1253
EDCI 3213,crn:10197,1253
EDCI 3214,crn:10198,1253
EDCI 3215,crn:10199,1253
EDCI 3305,crn:10114,1253
EDCI 4010,crn:10115,1253
EDCI 4010,crn:10116,1253
EDCI 4088,crn:10124,1253
EDCI 4099,crn:14183,1253
EDCI 4110W,crn:10152,1253
EDCI 4150,crn:10117,1253
EDCI 4250,crn:10120,1253
EDCI 4250,crn:10118,1253
EDCI 4250,crn:10122,1253
EDCI 4250,crn:10119,1253
EDCI 4250,crn:10121,1253
EDCI 4250,crn:10123,1253
EDLR 1161,crn:11016,1253
EDLR 1162,crn:13030,1253
EDLR 2001,crn:2980,1253
EDLR 3090,crn:11015,1253
EDLR 3091,crn:11022,1253
EDLR 3298,crn:13837,1253
EDLR 3299,crn:10977,1253
EDLR 3300W,crn:10992,1253
EDLR 3325,crn:11009,1253
EDLR 3345,crn:11014,1253
EDLR 3350,crn:11013,1253
EDLR 3547,crn:11004,1253
EDLR 3547W,crn:11011,1253
EEB 2100E,crn:12862,1253
EEB 2202,crn:11328,1253
EEB 2208E,crn:11327,1253
EEB 2222E,crn:11331,1253
EEB 2244E,crn:11297,1253
EEB 2245,crn:11306,1253
EEB 2254W,crn:11335,1253
EEB 2254W,crn:11337,1253
EEB 2254W,crn:11336,1253
EEB 2254W,crn:11334,1253
EEB 2258W,crn:11338,1253
EEB 3201,crn:12663,1253
EEB 3240,crn:11295,1253
EEB 3265,crn:11324,1253
EEB 3271,crn:11307,1253
EEB 3894,crn:14201,1253
EEB 3895,crn:11311,1253
EEB 3899,crn:14145,1253
EEB 4120,crn:10594,1253
EEB 4260,crn:11309,1253
EEB 4896W,crn:13884,1253
EGEN 3110,crn:10139,1253
EGEN 3200,crn:11624,1253
EGEN 4110,crn:10145,1253
EGEN 4110,crn:10144,1253
EGEN 4110,crn:10146,1253
EGEN 4110,crn:10148,1253
EGEN 4110,crn:10140,1253
EGEN 4110,crn:10141,1253
EGEN 4110,crn:10142,1253
EGEN 4110,crn:10147,1253
EGEN 4110,crn:10143,1253
EGEN 4197,crn:13900,1253
ENGL 1003,crn:3110,1253
ENGL 1004,crn:3116,1253
ENGL 1007,crn:3125,1253
ENGL 1101,crn:12090,1253
ENGL 1101W,crn:10269,1253
ENGL 1103W,crn:10307,1253
ENGL 1201,crn:10311,1253
ENGL 1401,crn:10361,1253
ENGL 1601W,crn:10318,1253
ENGL 1616W,crn:10271,1253
ENGL 2013W,crn:10355,1253
ENGL 2100,crn:10276,1253
ENGL 2101,crn:10278,1253
ENGL 2200,crn:11938,1253
ENGL 2201,crn:10293,1253
ENGL 2201W,crn:10295,1253
ENGL 2203,crn:10296,1253
ENGL 2203W,crn:12705,1253
ENGL 2214,crn:10299,1253
ENGL 2214W,crn:10301,1253
ENGL 2274W,crn:10323,1253
ENGL 2276,crn:10353,1253
ENGL 2276W,crn:10354,1253
ENGL 2301,crn:10285,1253
ENGL 2301W,crn:13273,1253
ENGL 2401,crn:10280,1253
ENGL 2401W,crn:12963,1253
ENGL 2405,crn:10284,1253
ENGL 2407,crn:10281,1253
ENGL 2408W,crn:10330,1253
ENGL 2411W,crn:10331,1253
ENGL 2413,crn:10349,1253
ENGL 2413W,crn:10350,1253
ENGL 2600,crn:10325,1253
ENGL 2603,crn:10343,1253
ENGL 2605W,crn:10351,1253
ENGL 2614,crn:10360,1253
ENGL 2635E,crn:10337,1253
ENGL 2701,crn:10273,1253
ENGL 2730W,crn:10357,1253
ENGL 3003W,crn:10291,1253
ENGL 3010W,crn:10279,1253
ENGL 3013W,crn:10336,1253
ENGL 3082,crn:14147,1253
ENGL 3091,crn:10303,1253
ENGL 3111W,crn:12089,1253
ENGL 3122,crn:10286,1253
ENGL 3122W,crn:12863,1253
ENGL 3212,crn:10297,1253
ENGL 3215W,crn:10348,1253
ENGL 3220W,crn:12312,1253
ENGL 3240E,crn:10309,1253
ENGL 3265W,crn:10317,1253
ENGL 3301,crn:10324,1253
ENGL 3320,crn:10329,1253
ENGL 3420,crn:10288,1253
ENGL 3422,crn:10320,1253
ENGL 3609,crn:13637,1253
ENGL 3611,crn:12096,1253
ENGL 3613,crn:10314,1253
ENGL 3623,crn:10289,1253
ENGL 3640,crn:10356,1253
ENGL 3699,crn:13951,1253
ENGL 3701,crn:12094,1253
ENGL 3703,crn:10287,1253
ENGL 3703,crn:10290,1253
ENGL 3713,crn:10333,1253
ENGL 3715E,crn:10334,1253
ENGL 4101W,crn:10321,1253
ENGL 4301W,crn:10322,1253
ENGL 4600W,crn:12095,1253
ENGL 4897,crn:10292,1253
ENGL 4965W,crn:10327,1253
ENGR 1025,crn:11091,1253
ENGR 1166,crn:12492,1253
ENGR 1166,crn:11035,1253
ENGR 1195,crn:14641,1253
ENGR 2215,crn:11078,1253
ENGR 2300E,crn:11086,1253
ENGR 3020,crn:14633,1253
ENGR 3021,crn:11080,1253
ENGR 3024,crn:11083,1253
ENGR 3025,crn:11082,1253
ENGR 3109,crn:11079,1253
ENGR 3120,crn:11076,1253
ENGR 3195,crn:11063,1253
ENGR 3195,crn:11059,1253
ENGR 3195,crn:11058,1253
ENGR 3195,crn:11061,1253
ENGR 3195,crn:11060,1253
ENGR 3195,crn:13235,1253
ENGR 3195,crn:11062,1253
ENGR 3195,crn:13140,1253
ENGR 3209,crn:9877,1253
ENGR 3215,crn:11077,1253
ENGR 3281,crn:11075,1253
ENGR 3400,crn:11090,1253
ENGR 3501,crn:9666,1253
ENGR 4002W,crn:11085,1253
ENGR 4244,crn:11071,1253
ENGR 4299,crn:11074,1253
ENVE 1000E,crn:6167,1253
ENVE 2310E,crn:6073,1253
ENVE 3111,crn:6299,1253
ENVE 3120,crn:6081,1253
ENVE 3202,crn:6297,1253
ENVE 3230,crn:6059,1253
ENVE 3530,crn:12987,1253
ENVE 3995,crn:14129,1253
ENVE 3996,crn:6276,1253
ENVE 4310,crn:6079,1253
ENVE 4320,crn:6172,1253
ENVE 4530,crn:6174,1253
ENVE 4820,crn:6074,1253
ENVE 4886,crn:6300,1253
ENVE 4897,crn:6183,1253
ENVE 4920W,crn:6149,1253
ENVE 4996,crn:6287,1253
ENVE 4999,crn:6137,1253
ENVS 2000,crn:11668,1253
ENVS 3991,crn:11669,1253
ENVS 3999,crn:11667,1253
EPSY 1100,crn:8385,1253
EPSY 1450W,crn:8477,1253
EPSY 2810,crn:8472,1253
EPSY 3010,crn:8387,1253
EPSY 3030,crn:8489,1253
EPSY 3090,crn:8389,1253
EPSY 3098,crn:8399,1253
EPSY 3098,crn:8397,1253
EPSY 3098,crn:8398,1253
EPSY 3099,crn:8400,1253
EPSY 3110,crn:8386,1253
EPSY 3130,crn:8461,1253
EPSY 3235,crn:14188,1253
EPSY 4010,crn:8391,1253
EPSY 4110,crn:8462,1253
EPSY 4115,crn:8396,1253
ERTH 1000E,crn:10655,1253
ERTH 1050,crn:10608,1253
ERTH 1051,crn:10606,1253
ERTH 1052,crn:10624,1253
ERTH 2050W,crn:10661,1253
ERTH 2310E,crn:10646,1253
ERTH 2800E,crn:10658,1253
ERTH 3010,crn:10599,1253
ERTH 3040,crn:10601,1253
ERTH 3230,crn:10640,1253
ERTH 3710,crn:10596,1253
ERTH 4110,crn:10597,1253
ERTH 4120,crn:10592,1253
ERTH 4230,crn:10645,1253
ERTH 4710,crn:10653,1253
ERTH 4720,crn:10654,1253
ERTH 4810,crn:10652,1253
ERTH 4995,crn:14139,1253
ERTH 4996W,crn:14133,1253
ERTH 4999,crn:14038,1253
EVST 1000E,crn:11656,1253
EVST 3991,crn:11664,1253
EVST 3999,crn:11665,1253
EVST 4000W,crn:11663,1253
FNCE 3101,crn:10362,1253
FNCE 3230,crn:10401,1253
FNCE 3302,crn:10397,1253
FNCE 3303,crn:10419,1253
FNCE 3332,crn:10402,1253
FNCE 3335,crn:10436,1253
FNCE 3715,crn:10418,1253
FNCE 4209,crn:10386,1253
FNCE 4302,crn:10420,1253
FNCE 4303,crn:10433,1253
FNCE 4304,crn:10388,1253
FNCE 4305,crn:10390,1253
FNCE 4306,crn:10396,1253
FNCE 4309,crn:10437,1253
FNCE 4410,crn:10423,1253
FNCE 4430,crn:10425,1253
FNCE 4440,crn:10426,1253
FNCE 4895,crn:10405,1253
FNCE 4895,crn:10404,1253
FNCE 4895,crn:14289,1253
FNCE 4895,crn:12919,1253
FNCE 4895,crn:10406,1253
FNCE 4899,crn:14263,1253
FNCE 4997W,crn:14209,1253
FREN 1101,crn:6542,1253
FREN 1102,crn:6546,1253
FREN 1103,crn:6548,1253
FREN 1104,crn:6549,1253
FREN 1169,crn:6550,1253
FREN 1171,crn:6551,1253
FREN 1176,crn:6682,1253
FREN 1177,crn:6677,1253
FREN 3102,crn:6732,1253
FREN 3211W,crn:6742,1253
FREN 3215,crn:6554,1253
FREN 3218,crn:6555,1253
FREN 3250,crn:6556,1253
FREN 3268,crn:2671,1253
FREN 3269,crn:6557,1253
FREN 3270W,crn:6558,1253
GEOG 1000,crn:11382,1253
GEOG 1010,crn:11412,1253
GEOG 1200,crn:11380,1253
GEOG 1300E,crn:11379,1253
GEOG 1302,crn:12885,1253
GEOG 1700,crn:11383,1253
GEOG 2000,crn:11409,1253
GEOG 2100,crn:11385,1253
GEOG 2200,crn:11386,1253
GEOG 2300E,crn:11387,1253
GEOG 2320E,crn:11410,1253
GEOG 2400E,crn:11411,1253
GEOG 2500,crn:11390,1253
GEOG 2505,crn:11397,1253
GEOG 3010,crn:13996,1253
GEOG 3200,crn:12414,1253
GEOG 3350E,crn:11413,1253
GEOG 3410E,crn:11407,1253
GEOG 3500Q,crn:11389,1253
GEOG 3510,crn:11388,1253
GEOG 3600,crn:12671,1253
GEOG 4000W,crn:11414,1253
GEOG 4095,crn:11398,1253
GEOG 4099,crn:13871,1253
GEOG 4230,crn:10644,1253
GEOG 4240,crn:11417,1253
GEOG 4340,crn:13984,1253
GEOG 4518,crn:11415,1253
GERM 1001,crn:6560,1253
GERM 1002,crn:6566,1253
GERM 1003,crn:6568,1253
GERM 1004,crn:6570,1253
GERM 1140W,crn:6678,1253
GERM 1171,crn:6572,1253
GERM 2400E,crn:6708,1253
GERM 3221,crn:6573,1253
GERM 3234,crn:6574,1253
GERM 3251,crn:6575,1253
GERM 3255,crn:2672,1253
GERM 3264W,crn:6681,1253
GERM 3292,crn:6576,1253
GERM 3299,crn:14127,1253
GERM 4246,crn:6658,1253
GPS 3099,crn:14260,1253
HCMI 3221,crn:10400,1253
HCMI 3240,crn:10410,1253
HCMI 3243,crn:10411,1253
HCMI 4225,crn:10422,1253
HCMI 4448,crn:10412,1253
HCMI 4881,crn:10413,1253
HCMI 4899,crn:10414,1253
HCMI 4997W,crn:10428,1253
HDFS 1060,crn:10906,1253
HDFS 1070,crn:10884,1253
HDFS 2001,crn:10886,1253
HDFS 2004W,crn:10894,1253
HDFS 2100,crn:10861,1253
HDFS 2120,crn:10865,1253
HDFS 2200,crn:10864,1253
HDFS 2300,crn:10872,1253
HDFS 3080,crn:14001,1253
HDFS 3092,crn:13166,1253
HDFS 3095,crn:14034,1253
HDFS 3095,crn:10911,1253
HDFS 3102,crn:10907,1253
HDFS 3103,crn:10876,1253
HDFS 3123,crn:10866,1253
HDFS 3127,crn:10914,1253
HDFS 3141,crn:12859,1253
HDFS 3192,crn:10868,1253
HDFS 3245,crn:10917,1253
HDFS 3252,crn:10860,1253
HDFS 3261,crn:10870,1253
HDFS 3277,crn:10875,1253
HDFS 3310,crn:12824,1253
HDFS 3311,crn:10878,1253
HDFS 3340,crn:10871,1253
HDFS 3420,crn:12432,1253
HDFS 3520,crn:12431,1253
HDFS 3530,crn:10874,1253
HDFS 3540,crn:10877,1253
HDFS 4004,crn:12829,1253
HDFS 4007W,crn:10902,1253
HDFS 4087W,crn:13184,1253
HDFS 4097,crn:10901,1253
HDFS 4099,crn:13183,1253
HEJS 1002,crn:6596,1253
HEJS 2204,crn:6735,1253
HEJS 3050W,crn:8364,1253
HEJS 3201,crn:6600,1253
HEJS 3298,crn:9701,1253
HEJS 3299,crn:6602,1253
HEJS 3330,crn:6578,1253
HEJS 3401W,crn:6711,1253
HEJS 3419,crn:6747,1253
HIST 1100W,crn:9442,1253
HIST 1200,crn:9464,1253
HIST 1201,crn:9394,1253
HIST 1203,crn:12712,1253
HIST 1206,crn:11918,1253
HIST 1300,crn:13128,1253
HIST 1400,crn:2930,1253
HIST 1450,crn:9455,1253
HIST 1501,crn:2592,1253
HIST 1501W,crn:13004,1253
HIST 1502,crn:9430,1253
HIST 1502W,crn:13261,1253
HIST 1503,crn:10310,1253
HIST 1600,crn:9903,1253
HIST 1600W,crn:9911,1253
HIST 1805,crn:12516,1253
HIST 2020,crn:12341,1253
HIST 2100W,crn:9485,1253
HIST 2103W,crn:9431,1253
HIST 2104W,crn:9433,1253
HIST 2105,crn:9480,1253
HIST 2205,crn:12107,1253
HIST 2222E,crn:13840,1253
HIST 2240,crn:13002,1253
HIST 2350,crn:9415,1253
HIST 2401W,crn:9408,1253
HIST 2402,crn:9405,1253
HIST 2530,crn:12714,1253
HIST 2541W,crn:12106,1253
HIST 2550,crn:12860,1253
HIST 2752,crn:9407,1253
HIST 2822,crn:12423,1253
HIST 2868W,crn:9483,1253
HIST 3207,crn:9704,1253
HIST 3210,crn:12673,1253
HIST 3321,crn:6710,1253
HIST 3326,crn:9463,1253
HIST 3330,crn:6577,1253
HIST 3361,crn:13129,1253
HIST 3375,crn:9487,1253
HIST 3400,crn:9418,1253
HIST 3419,crn:6741,1253
HIST 3420,crn:9416,1253
HIST 3440,crn:9419,1253
HIST 3510,crn:9409,1253
HIST 3516,crn:9413,1253
HIST 3520,crn:14008,1253
HIST 3531,crn:12505,1253
HIST 3540E,crn:12288,1253
HIST 3545,crn:11948,1253
HIST 3559,crn:9452,1253
HIST 3562,crn:9406,1253
HIST 3563,crn:9410,1253
HIST 3564,crn:12103,1253
HIST 3565,crn:9489,1253
HIST 3568,crn:9683,1253
HIST 3569,crn:9451,1253
HIST 3619W,crn:9454,1253
HIST 3620,crn:12960,1253
HIST 3635,crn:9894,1253
HIST 3674,crn:13010,1253
HIST 3705,crn:9402,1253
HIST 3710,crn:13916,1253
HIST 3809,crn:9420,1253
HIST 3845,crn:9448,1253
HIST 3991,crn:9401,1253
HIST 4989,crn:14816,1253
HIST 4994W,crn:12108,1253
HIST 4994W,crn:9423,1253
HIST 4994W,crn:13272,1253
HIST 4994W,crn:9422,1253
HIST 4997W,crn:13930,1253
HIST 4999,crn:14815,1253
HRTS 1007,crn:2615,1253
HRTS 2200,crn:9713,1253
HRTS 2263,crn:9826,1253
HRTS 2300E,crn:11088,1253
HRTS 2530,crn:13001,1253
HRTS 2800,crn:9703,1253
HRTS 2996,crn:14205,1253
HRTS 3042,crn:14006,1253
HRTS 3050,crn:9710,1253
HRTS 3055,crn:9711,1253
HRTS 3139,crn:13226,1253
HRTS 3149W,crn:9709,1253
HRTS 3207,crn:9705,1253
HRTS 3209,crn:9879,1253
HRTS 3219W,crn:14266,1253
HRTS 3252,crn:9172,1253
HRTS 3254,crn:9175,1253
HRTS 3298,crn:9917,1253
HRTS 3298,crn:9706,1253
HRTS 3460,crn:9715,1253
HRTS 3475,crn:9708,1253
HRTS 3540,crn:9712,1253
HRTS 3540,crn:13276,1253
HRTS 3563,crn:9411,1253
HRTS 3641,crn:8959,1253
HRTS 3807,crn:9854,1253
HRTS 4291,crn:9707,1253
ILCS 1002,crn:6581,1253
ILCS 1004,crn:6585,1253
ILCS 1149,crn:6587,1253
ILCS 1160,crn:6684,1253
ILCS 1168,crn:6731,1253
ILCS 1170,crn:6699,1253
ILCS 3240,crn:14037,1253
ILCS 3248W,crn:6737,1253
ILCS 3260W,crn:6589,1253
ILCS 3291,crn:14124,1253
ILCS 3295,crn:6593,1253
ILCS 3299,crn:6594,1253
INTD 3584,crn:12727,1253
INTD 3590,crn:12726,1253
INTD 3594,crn:12728,1253
INTD 3594W,crn:14466,1253
INTD 3999,crn:13185,1253
JAPN 1102,crn:9529,1253
JAPN 1104,crn:9531,1253
JOUR 1002,crn:11419,1253
JOUR 1095,crn:11455,1253
JOUR 2000W,crn:11420,1253
JOUR 2001W,crn:11424,1253
JOUR 2010,crn:11450,1253
JOUR 2065,crn:11452,1253
JOUR 2111,crn:11447,1253
JOUR 2575,crn:11458,1253
JOUR 3002,crn:11425,1253
JOUR 3012W,crn:11426,1253
JOUR 3015,crn:11456,1253
JOUR 3020,crn:11427,1253
JOUR 3030,crn:11441,1253
JOUR 3030,crn:12922,1253
JOUR 3031,crn:11428,1253
JOUR 3035,crn:11454,1253
JOUR 3040,crn:11442,1253
JOUR 3042,crn:11457,1253
JOUR 3046E,crn:11445,1253
JOUR 3087,crn:11444,1253
JOUR 3093,crn:11429,1253
JOUR 3097,crn:11443,1253
JOUR 3111,crn:11446,1253
JOUR 4016,crn:12732,1253
JOUR 4065,crn:11451,1253
JOUR 4091,crn:11430,1253
JOUR 4099,crn:11432,1253
JOUR 4111,crn:11448,1253
KINS 1100,crn:3007,1253
KINS 1160,crn:11854,1253
KINS 1200,crn:11831,1253
KINS 1300,crn:11833,1253
KINS 3091,crn:11685,1253
KINS 3098,crn:11737,1253
KINS 3098,crn:12959,1253
KINS 3099,crn:11740,1253
KINS 3099W,crn:11781,1253
KINS 3212,crn:11820,1253
KINS 3320,crn:11791,1253
KINS 3530,crn:11778,1253
KINS 3531W,crn:11830,1253
KINS 3550,crn:11832,1253
KINS 3610,crn:11689,1253
KINS 3615,crn:11706,1253
KINS 3697W,crn:11722,1253
KINS 4205W,crn:11821,1253
KINS 4510,crn:11684,1253
KINS 4511W,crn:13306,1253
KORE 1102,crn:6670,1253
KORE 1104,crn:6674,1253
LAND 2120,crn:8980,1253
LAND 2220,crn:8987,1253
LAND 2410,crn:8981,1253
LAND 3230WE,crn:8995,1253
LAND 3311,crn:9041,1253
LAND 3430,crn:8983,1253
LAND 3981,crn:9074,1253
LAND 3996,crn:9066,1253
LAND 3999,crn:9070,1253
LAND 4294,crn:8997,1253
LAND 4450,crn:8985,1253
LING 1010,crn:9490,1253
LING 1030,crn:9559,1253
LING 2010Q,crn:9555,1253
LING 3000Q,crn:9581,1253
LING 3410Q,crn:9575,1253
LING 3610W,crn:9517,1253
LING 3789,crn:9570,1253
LING 3799,crn:13998,1253
LING 3800,crn:9580,1253
LLAS 1000,crn:9929,1253
LLAS 1009,crn:6704,1253
LLAS 1190,crn:9896,1253
LLAS 1190W,crn:9910,1253
LLAS 2001,crn:9921,1253
LLAS 2011W,crn:9925,1253
LLAS 2012,crn:9924,1253
LLAS 3021,crn:14283,1253
LLAS 3107,crn:13155,1253
LLAS 3210,crn:9914,1253
LLAS 3220,crn:13196,1253
LLAS 3230,crn:9915,1253
LLAS 3265,crn:6655,1253
LLAS 3320,crn:9893,1253
LLAS 3321,crn:8162,1253
LLAS 3525,crn:9927,1253
LLAS 3619W,crn:13197,1253
LLAS 3635,crn:9895,1253
LLAS 3998,crn:6715,1253
LLAS 3998,crn:9923,1253
LLAS 3998,crn:13023,1253
LLAS 3998,crn:9922,1253
LLAS 3999,crn:13899,1253
LLAS 4212,crn:14806,1253
LLAS 4994W,crn:14235,1253
MARN 1002E,crn:8193,1253
MARN 1003E,crn:8208,1253
MARN 1004,crn:8211,1253
MARN 2801WE,crn:8194,1253
MARN 3000E,crn:8213,1253
MARN 3002,crn:8219,1253
MARN 3812,crn:8221,1253
MARN 3899,crn:14401,1253
MARN 3995,crn:8215,1253
MARN 3996,crn:14752,1253
MARN 4002,crn:8197,1253
MARN 4010,crn:8198,1253
MARN 4019,crn:8226,1253
MARN 4050,crn:8200,1253
MARN 4066,crn:8216,1253
MARN 4210Q,crn:8223,1253
MARN 4891,crn:14284,1253
MARN 4897W,crn:14758,1253
MAST 1200,crn:2760,1253
MAST 3532,crn:11931,1253
MAST 3545,crn:11949,1253
MAST 3600,crn:12672,1253
MAST 4994W,crn:11911,1253
MATH 1011Q,crn:12514,1253
MATH 1020Q,crn:6748,1253
MATH 1030Q,crn:6758,1253
MATH 1060Q,crn:6783,1253
MATH 1070Q,crn:6760,1253
MATH 1071Q,crn:6768,1253
MATH 1131Q,crn:6788,1253
MATH 1132Q,crn:6807,1253
MATH 2011Q,crn:6903,1253
MATH 2110Q,crn:6845,1253
MATH 2210Q,crn:6884,1253
MATH 2360Q,crn:6883,1253
MATH 2410Q,crn:6861,1253
MATH 2620,crn:6914,1253
MATH 2705W,crn:6952,1253
MATH 2710,crn:6877,1253
MATH 3146,crn:6904,1253
MATH 3150,crn:6909,1253
MATH 3151,crn:6910,1253
MATH 3160,crn:6897,1253
MATH 3170,crn:6932,1253
MATH 3180,crn:6956,1253
MATH 3210,crn:6880,1253
MATH 3230,crn:6881,1253
MATH 3231,crn:6882,1253
MATH 3240,crn:6906,1253
MATH 3250,crn:6939,1253
MATH 3265,crn:6942,1253
MATH 3410,crn:6907,1253
MATH 3435,crn:6911,1253
MATH 3511,crn:6912,1253
MATH 3550,crn:6940,1253
MATH 3615,crn:6937,1253
MATH 3620,crn:6944,1253
MATH 3630,crn:6915,1253
MATH 3631,crn:6916,1253
MATH 3636,crn:6946,1253
MATH 3637,crn:6950,1253
MATH 3639,crn:6947,1253
MATH 3640,crn:6948,1253
MATH 3641,crn:6949,1253
MATH 3650,crn:6917,1253
MATH 3660,crn:6938,1253
MATH 3670W,crn:6936,1253
MATH 3710,crn:6844,1253
MATH 3790,crn:14007,1253
MATH 3796W,crn:13136,1253
MATH 3799,crn:13137,1253
MATH 3899,crn:13872,1253
MCB 1201,crn:5224,1253
MCB 2000,crn:4891,1253
MCB 2210,crn:4927,1253
MCB 2225,crn:5209,1253
MCB 2400,crn:4929,1253
MCB 2410,crn:4878,1253
MCB 2610,crn:4945,1253
MCB 3004,crn:4926,1253
MCB 3022W,crn:5110,1253
MCB 3100,crn:5206,1253
MCB 3189,crn:5213,1253
MCB 3201,crn:4889,1253
MCB 3211,crn:5211,1253
MCB 3219,crn:4939,1253
MCB 3246,crn:4964,1253
MCB 3400,crn:5226,1253
MCB 3412,crn:4928,1253
MCB 3413,crn:5214,1253
MCB 3417,crn:5231,1253
MCB 3841W,crn:4963,1253
MCB 3841W,crn:4962,1253
MCB 3843W,crn:5225,1253
MCB 3844W,crn:5229,1253
MCB 3849W,crn:5228,1253
MCB 3895,crn:5000,1253
MCB 3899,crn:5001,1253
MCB 3899,crn:5025,1253
MCB 3899,crn:5024,1253
MCB 4008,crn:4941,1253
MCB 4009,crn:4942,1253
MCB 4624,crn:4943,1253
MCB 4896,crn:5111,1253
MCB 4897W,crn:5177,1253
MCB 4996,crn:5145,1253
MCB 4997W,crn:4966,1253
ME 2120,crn:10667,1253
ME 2233,crn:10676,1253
ME 2234,crn:10678,1253
ME 3161,crn:7889,1253
ME 3163,crn:13146,1253
ME 3220,crn:10670,1253
ME 3221,crn:10673,1253
ME 3227,crn:10674,1253
ME 3242,crn:10681,1253
ME 3253,crn:10685,1253
ME 3255,crn:10686,1253
ME 3256W,crn:10733,1253
ME 3264,crn:10714,1253
ME 3276,crn:10728,1253
ME 3295,crn:10690,1253
ME 3295,crn:10692,1253
ME 3295,crn:10688,1253
ME 3295,crn:10695,1253
ME 3295,crn:13025,1253
ME 3295,crn:10689,1253
ME 3295,crn:10693,1253
ME 3295,crn:10694,1253
ME 3295,crn:10687,1253
ME 3295,crn:13024,1253
ME 3296,crn:14253,1253
ME 3299,crn:14199,1253
ME 3396,crn:14873,1253
ME 4973W,crn:10711,1253
MEM 1151,crn:11557,1253
MEM 2211,crn:11558,1253
MEM 2213,crn:11576,1253
MEM 3221,crn:11559,1253
MEM 3231,crn:11560,1253
MEM 3281,crn:11561,1253
MEM 3295,crn:8716,1253
MEM 3295,crn:7887,1253
MEM 3295,crn:11575,1253
MEM 3299,crn:11562,1253
MEM 4296,crn:11574,1253
MEM 4972W,crn:11578,1253
MENT 2234,crn:9668,1253
MENT 3101,crn:9606,1253
MENT 3225,crn:9585,1253
MENT 3234,crn:9589,1253
MENT 3235,crn:9629,1253
MENT 3236,crn:9660,1253
MENT 3238,crn:9664,1253
MENT 3239,crn:9631,1253
MENT 3501,crn:9667,1253
MENT 3741,crn:9671,1253
MENT 3742,crn:9674,1253
MENT 4741,crn:9678,1253
MENT 4742,crn:14430,1253
MENT 4895,crn:14278,1253
MENT 4895,crn:12889,1253
MENT 4895,crn:9633,1253
MENT 4899,crn:9634,1253
MENT 4900,crn:9591,1253
MENT 4902,crn:9647,1253
MENT 4997,crn:9656,1253
MGRK 1102,crn:6603,1253
MGRK 1104,crn:6604,1253
MGRK 3295,crn:6605,1253
MGRK 3299,crn:6606,1253
MISI 1102,crn:11990,1253
MISI 2202,crn:11992,1253
MISI 3302,crn:11994,1253
MISI 4402,crn:11996,1253
MKTG 2237,crn:9180,1253
MKTG 3101,crn:9096,1253
MKTG 3208,crn:9126,1253
MKTG 3252,crn:9171,1253
MKTG 3254,crn:9174,1253
MKTG 3255,crn:9186,1253
MKTG 3258,crn:9188,1253
MKTG 3260,crn:9141,1253
MKTG 3452,crn:9131,1253
MKTG 3454,crn:9149,1253
MKTG 3661,crn:9151,1253
MKTG 3665,crn:9133,1253
MKTG 3757,crn:9162,1253
MKTG 4362,crn:9146,1253
MLSC 3301,crn:13194,1253
MLSC 3333,crn:13187,1253
MLSC 4099,crn:13190,1253
MLSC 4302,crn:13186,1253
MLSC 4312,crn:13188,1253
MLSC 4322,crn:13192,1253
MLSC 4342,crn:13191,1253
MLSC 4352,crn:13189,1253
MLSC 4372,crn:13193,1253
MLSC 4500,crn:13195,1253
MSE 2002,crn:11247,1253
MSE 2053,crn:11250,1253
MSE 2101,crn:11255,1253
MSE 3002,crn:11248,1253
MSE 3004,crn:11249,1253
MSE 3056,crn:11254,1253
MSE 3156,crn:11245,1253
MSE 3700,crn:8708,1253
MSE 4034,crn:11256,1253
MSE 4038,crn:11246,1253
MSE 4040,crn:11289,1253
MSE 4095,crn:11259,1253
MSE 4095,crn:11257,1253
MSE 4097,crn:11260,1253
MSE 4902W,crn:11285,1253
MSE 4996,crn:11293,1253
MUSI 1001,crn:2624,1253
MUSI 1003,crn:6508,1253
MUSI 1004,crn:12146,1253
MUSI 1006,crn:13842,1253
MUSI 1011,crn:2928,1253
MUSI 1012,crn:6400,1253
MUSI 1101,crn:6302,1253
MUSI 1109,crn:6303,1253
MUSI 1110,crn:6306,1253
MUSI 1110,crn:6305,1253
MUSI 1110,crn:6304,1253
MUSI 1111,crn:6313,1253
MUSI 1111,crn:6319,1253
MUSI 1111,crn:6310,1253
MUSI 1111,crn:6320,1253
MUSI 1111,crn:6314,1253
MUSI 1111,crn:6316,1253
MUSI 1111,crn:6309,1253
MUSI 1111,crn:6315,1253
MUSI 1111,crn:6312,1253
MUSI 1111,crn:6318,1253
MUSI 1111,crn:6308,1253
MUSI 1111,crn:6311,1253
MUSI 1111,crn:6307,1253
MUSI 1111,crn:6317,1253
MUSI 1112,crn:6322,1253
MUSI 1113,crn:6323,1253
MUSI 1114,crn:6331,1253
MUSI 1115,crn:6332,1253
MUSI 1115,crn:6333,1253
MUSI 1116,crn:14373,1253
MUSI 1116,crn:6334,1253
MUSI 1116,crn:6335,1253
MUSI 1118,crn:6407,1253
MUSI 1119,crn:6409,1253
MUSI 1119,crn:6410,1253
MUSI 1119,crn:6408,1253
MUSI 1120,crn:6520,1253
MUSI 1221,crn:6337,1253
MUSI 1221,crn:6339,1253
MUSI 1221,crn:6340,1253
MUSI 1221,crn:6341,1253
MUSI 1221,crn:6342,1253
MUSI 1221,crn:6350,1253
MUSI 1221,crn:6338,1253
MUSI 1221,crn:6336,1253
MUSI 1221,crn:6344,1253
MUSI 1221,crn:6349,1253
MUSI 1221,crn:6345,1253
MUSI 1221,crn:6347,1253
MUSI 1221,crn:6348,1253
MUSI 1222,crn:6353,1253
MUSI 1222,crn:6354,1253
MUSI 1222,crn:6355,1253
MUSI 1222,crn:6356,1253
MUSI 1222,crn:6357,1253
MUSI 1222,crn:6358,1253
MUSI 1222,crn:6359,1253
MUSI 1222,crn:6360,1253
MUSI 1222,crn:6380,1253
MUSI 1222,crn:6361,1253
MUSI 1222,crn:6375,1253
MUSI 1222,crn:13897,1253
MUSI 1222,crn:14371,1253
MUSI 1222,crn:6362,1253
MUSI 1222,crn:6363,1253
MUSI 1222,crn:6364,1253
MUSI 1222,crn:6365,1253
MUSI 1222,crn:6366,1253
MUSI 1222,crn:6367,1253
MUSI 1222,crn:6368,1253
MUSI 1222,crn:6369,1253
MUSI 1222,crn:6370,1253
MUSI 1222,crn:6371,1253
MUSI 1222,crn:6372,1253
MUSI 1222,crn:6373,1253
MUSI 1231,crn:6381,1253
MUSI 1231,crn:6385,1253
MUSI 1241,crn:6389,1253
MUSI 1252,crn:6395,1253
MUSI 1312,crn:6504,1253
MUSI 1314,crn:6398,1253
MUSI 1501,crn:6390,1253
MUSI 1501,crn:6391,1253
MUSI 1501,crn:6392,1253
MUSI 1501,crn:6393,1253
MUSI 1501,crn:6394,1253
MUSI 1995,crn:14003,1253
MUSI 2254,crn:6396,1253
MUSI 3222,crn:6411,1253
MUSI 3222,crn:6412,1253
MUSI 3222,crn:6414,1253
MUSI 3222,crn:6415,1253
MUSI 3222,crn:6416,1253
MUSI 3222,crn:6413,1253
MUSI 3222,crn:6417,1253
MUSI 3222,crn:6418,1253
MUSI 3222,crn:6419,1253
MUSI 3222,crn:6420,1253
MUSI 3222,crn:6421,1253
MUSI 3222,crn:6422,1253
MUSI 3222,crn:6423,1253
MUSI 3222,crn:6424,1253
MUSI 3222,crn:6425,1253
MUSI 3222,crn:6426,1253
MUSI 3222,crn:6427,1253
MUSI 3222,crn:6428,1253
MUSI 3222,crn:6429,1253
MUSI 3222,crn:6430,1253
MUSI 3222,crn:6431,1253
MUSI 3222,crn:6432,1253
MUSI 3231,crn:6447,1253
MUSI 3233,crn:6521,1253
MUSI 3234,crn:13907,1253
MUSI 3312,crn:6506,1253
MUSI 3314,crn:6442,1253
MUSI 3322W,crn:6445,1253
MUSI 3332,crn:6444,1253
MUSI 3341,crn:13882,1253
MUSI 3342,crn:6517,1253
MUSI 3405,crn:6518,1253
MUSI 3407W,crn:6519,1253
MUSI 3410W,crn:6406,1253
MUSI 3632,crn:6441,1253
MUSI 3722,crn:6438,1253
MUSI 3982,crn:6401,1253
MUSI 3982,crn:6403,1253
MUSI 3982,crn:6405,1253
MUSI 3982,crn:6402,1253
MUSI 3982,crn:6404,1253
MUSI 4333,crn:14351,1253
MUSI 4339,crn:6516,1253
MUSI 4732,crn:6439,1253
MUSI 4733,crn:6440,1253
MUSI 4979,crn:6448,1253
MUSI 4995,crn:14032,1253
MUSI 4999,crn:6449,1253
NRE 1000E,crn:8495,1253
NRE 1235E,crn:8550,1253
NRE 1250,crn:8618,1253
NRE 2000,crn:8557,1253
NRE 2550,crn:8617,1253
NRE 2600E,crn:8600,1253
NRE 3105,crn:8497,1253
NRE 3115,crn:8498,1253
NRE 3150,crn:8612,1253
NRE 3201,crn:8588,1253
NRE 3305,crn:8556,1253
NRE 3335,crn:8555,1253
NRE 3500,crn:8591,1253
NRE 3690,crn:8504,1253
NRE 3699,crn:8517,1253
NRE 4000W,crn:8499,1253
NRE 4094,crn:8516,1253
NRE 4180,crn:8615,1253
NRE 4340,crn:8593,1253
NRE 4370,crn:8594,1253
NRE 4425,crn:8604,1253
NRE 4696,crn:8561,1253
NRE 4697W,crn:8577,1253
NURS 1131,crn:7717,1253
NURS 1175W,crn:7639,1253
NURS 2175,crn:7666,1253
NURS 3110,crn:7637,1253
NURS 3120,crn:7588,1253
NURS 3225,crn:7599,1253
NURS 3334,crn:7690,1253
NURS 3444,crn:7694,1253
NURS 3554,crn:7692,1253
NURS 3664,crn:7688,1253
NURS 4250E,crn:7716,1253
NURS 4282,crn:7711,1253
NURS 4299,crn:7601,1253
NURS 4300,crn:7710,1253
NURS 4304,crn:7696,1253
NURS 4597W,crn:7667,1253
NUSC 1161,crn:10785,1253
NUSC 1165,crn:10735,1253
NUSC 1167,crn:10738,1253
NUSC 1645,crn:10734,1253
NUSC 2200,crn:10739,1253
NUSC 3180,crn:10742,1253
NUSC 3230,crn:11616,1253
NUSC 3250,crn:10779,1253
NUSC 3271,crn:10783,1253
NUSC 3272,crn:10784,1253
NUSC 3291,crn:10788,1253
NUSC 3350,crn:10791,1253
NUSC 3782,crn:10741,1253
NUSC 4236,crn:10740,1253
NUSC 4237W,crn:10780,1253
NUSC 4270,crn:10793,1253
NUSC 4297W,crn:10743,1253
NUSC 4299,crn:10747,1253
OPIM 3103,crn:10444,1253
OPIM 3104,crn:10461,1253
OPIM 3203,crn:10494,1253
OPIM 3204,crn:10478,1253
OPIM 3207,crn:10490,1253
OPIM 3211,crn:10475,1253
OPIM 3301,crn:10492,1253
OPIM 3302,crn:10509,1253
OPIM 3401,crn:10476,1253
OPIM 3402,crn:10495,1253
OPIM 3505,crn:10439,1253
OPIM 3510,crn:10497,1253
OPIM 3511,crn:10500,1253
OPIM 3512,crn:10503,1253
OPIM 3601,crn:10515,1253
OPIM 3602,crn:10517,1253
OPIM 3603,crn:10488,1253
OPIM 3701,crn:10440,1253
OPIM 3702,crn:10511,1253
OPIM 3806,crn:10512,1253
OPIM 4895,crn:10480,1253
OPIM 4899,crn:10481,1253
OPIM 4996,crn:10506,1253
OPIM 4997,crn:10485,1253
PATH 1100E,crn:11143,1253
PATH 1202,crn:11130,1253
PATH 2301,crn:11092,1253
PATH 2720,crn:11139,1253
PATH 3094W,crn:11093,1253
PATH 3095,crn:12977,1253
PATH 3099,crn:11094,1253
PATH 3401,crn:11135,1253
PATH 3501,crn:11121,1253
PATH 3700,crn:11128,1253
PATH 3820,crn:11136,1253
PATH 4000,crn:11129,1253
PATH 4197W,crn:12906,1253
PHAR 3097W,crn:3617,1253
PHAR 3099,crn:3654,1253
PHIL 1101,crn:10519,1253
PHIL 1102,crn:10521,1253
PHIL 1104,crn:10522,1253
PHIL 1107,crn:12881,1253
PHIL 1108E,crn:10577,1253
PHIL 1109,crn:12961,1253
PHIL 1165W,crn:10558,1253
PHIL 1175,crn:13230,1253
PHIL 2208,crn:10575,1253
PHIL 2211Q,crn:10559,1253
PHIL 2215,crn:10557,1253
PHIL 2215W,crn:13131,1253
PHIL 2217,crn:10561,1253
PHIL 2221,crn:10563,1253
PHIL 2222,crn:10564,1253
PHIL 2410,crn:10576,1253
PHIL 3212E,crn:10591,1253
PHIL 3214,crn:10560,1253
PHIL 3218,crn:10562,1253
PHIL 3219W,crn:14247,1253
PHIL 3228,crn:10565,1253
PHIL 3250W,crn:10574,1253
PHIL 3298,crn:10566,1253
PHIL 4297W,crn:14134,1253
PHRX 3001,crn:3835,1253
PHRX 3003,crn:3837,1253
PHRX 3007,crn:3839,1253
PHRX 3031,crn:3840,1253
PHRX 3032,crn:3844,1253
PHRX 3040,crn:3849,1253
PHRX 3057,crn:4335,1253
PHRX 3058,crn:4337,1253
PHRX 3061,crn:14010,1253
PHRX 3065,crn:4360,1253
PHRX 3095,crn:4336,1253
PHRX 3097W,crn:3632,1253
PHRX 3099,crn:3723,1253
PHRX 4000,crn:3838,1253
PHRX 4001W,crn:4168,1253
PHRX 4001W,crn:4169,1253
PHRX 4001W,crn:4170,1253
PHRX 4042,crn:3850,1253
PHRX 4043,crn:3851,1253
PHRX 4044,crn:3852,1253
PHRX 4054,crn:4172,1253
PHRX 4059,crn:4350,1253
PHRX 4060,crn:4355,1253
PHRX 4062,crn:4370,1253
PHRX 4065,crn:4365,1253
PHRX 5043,crn:13315,1253
PHRX 5044,crn:13313,1253
PHRX 5045,crn:13320,1253
PHRX 5048,crn:13321,1253
PHRX 5052,crn:13322,1253
PHRX 5065,crn:13314,1253
PHRX 5070,crn:13445,1253
PHRX 5100,crn:13323,1253
PHRX 5101,crn:13324,1253
PHRX 5102,crn:3878,1253
PHRX 5103,crn:13326,1253
PHRX 5104,crn:13327,1253
PHRX 5105,crn:13328,1253
PHRX 5106,crn:13338,1253
PHRX 5107,crn:13828,1253
PHRX 5108,crn:13340,1253
PHRX 5109,crn:13341,1253
PHRX 5110,crn:13352,1253
PHRX 5111,crn:13370,1253
PHRX 5114,crn:13383,1253
PHRX 5115,crn:13384,1253
PHRX 5116,crn:13385,1253
PHRX 5117,crn:13386,1253
PHRX 5118,crn:13387,1253
PHRX 5119,crn:13388,1253
PHRX 5122,crn:13353,1253
PHRX 5123,crn:13395,1253
PHRX 5124,crn:13396,1253
PHRX 5125,crn:13397,1253
PHRX 5126,crn:13398,1253
PHRX 5128,crn:13371,1253
PHRX 5133,crn:13400,1253
PHRX 5135,crn:13401,1253
PHRX 5136,crn:13405,1253
PHRX 5137,crn:13406,1253
PHRX 5138,crn:13407,1253
PHRX 5139,crn:13408,1253
PHRX 5140,crn:13410,1253
PHRX 5141,crn:13418,1253
PHRX 5143,crn:13419,1253
PHRX 5146,crn:13372,1253
PHRX 5147,crn:13420,1253
PHRX 5149,crn:13421,1253
PHRX 5150,crn:13422,1253
PHRX 5152,crn:13424,1253
PHRX 5153,crn:13428,1253
PHRX 5154,crn:13429,1253
PHRX 5155,crn:13430,1253
PHRX 5157,crn:13431,1253
PHRX 5161,crn:13432,1253
PHRX 5164,crn:13433,1253
PHRX 5165,crn:13434,1253
PHRX 5166,crn:13435,1253
PHRX 5167,crn:13484,1253
PHRX 5169,crn:13423,1253
PHRX 5170,crn:13409,1253
PHRX 5171,crn:14503,1253
PHRX 5172,crn:4351,1253
PHRX 5173,crn:13399,1253
PHRX 5175,crn:4377,1253
PHRX 5195,crn:14500,1253
PHRX 5199,crn:13325,1253
PHRX 5265,crn:13813,1253
PHYS 1010Q,crn:5516,1253
PHYS 1025Q,crn:5592,1253
PHYS 1030Q,crn:11878,1253
PHYS 1040QE,crn:5789,1253
PHYS 1201Q,crn:5543,1253
PHYS 1202Q,crn:5547,1253
PHYS 1230,crn:5568,1253
PHYS 1401Q,crn:5569,1253
PHYS 1402Q,crn:5572,1253
PHYS 1501Q,crn:5577,1253
PHYS 1502Q,crn:5584,1253
PHYS 1601Q,crn:5576,1253
PHYS 1601Q,crn:5575,1253
PHYS 2300,crn:5599,1253
PHYS 2400,crn:5786,1253
PHYS 2501W,crn:5605,1253
PHYS 2702,crn:5787,1253
PHYS 3101,crn:5601,1253
PHYS 3150,crn:5602,1253
PHYS 3201,crn:5791,1253
PHYS 3202,crn:5604,1253
PHYS 3300,crn:5610,1253
PHYS 3401,crn:5608,1253
PHYS 3402,crn:5609,1253
PHYS 3989,crn:5718,1253
PHYS 4095,crn:5613,1253
PHYS 4096W,crn:5754,1253
PHYS 4099,crn:5614,1253
PHYS 4140,crn:5612,1253
PHYS 4710,crn:5788,1253
PNB 1195,crn:14114,1253
PNB 2201,crn:5511,1253
PNB 2250,crn:5234,1253
PNB 2265,crn:5236,1253
PNB 2774,crn:5475,1253
PNB 2775,crn:5479,1253
PNB 2776,crn:13911,1253
PNB 3120W,crn:5369,1253
PNB 3179,crn:5510,1253
PNB 3180,crn:5362,1253
PNB 3251,crn:5235,1253
PNB 3253W,crn:5474,1253
PNB 3255,crn:5375,1253
PNB 3260,crn:5363,1253
PNB 3264W,crn:5365,1253
PNB 3265,crn:5368,1253
PNB 3275,crn:5364,1253
PNB 3278,crn:5361,1253
PNB 3295,crn:13127,1253
PNB 3296,crn:5428,1253
PNB 3299,crn:5315,1253
PNB 3700,crn:5373,1253
PNB 4296,crn:5380,1253
PNB 4297W,crn:5266,1253
POLS 1002,crn:9843,1253
POLS 1202,crn:9845,1253
POLS 1207,crn:12768,1253
POLS 1402,crn:9846,1253
POLS 1602,crn:9847,1253
POLS 1996,crn:14828,1253
POLS 2023,crn:13206,1253
POLS 2072Q,crn:9857,1253
POLS 2073Q,crn:9886,1253
POLS 2221,crn:9891,1253
POLS 2429,crn:12667,1253
POLS 2450,crn:9888,1253
POLS 2602W,crn:12369,1253
POLS 2622,crn:9855,1253
POLS 2807,crn:9889,1253
POLS 2996,crn:14025,1253
POLS 2998,crn:9860,1253
POLS 2998,crn:14187,1253
POLS 2998,crn:12980,1253
POLS 2998,crn:12979,1253
POLS 2998,crn:12981,1253
POLS 2998W,crn:9862,1253
POLS 2998W,crn:13200,1253
POLS 2998W,crn:9861,1253
POLS 3012,crn:9848,1253
POLS 3017,crn:9876,1253
POLS 3025,crn:9890,1253
POLS 3042,crn:12169,1253
POLS 3202,crn:9869,1253
POLS 3209,crn:9878,1253
POLS 3245,crn:9849,1253
POLS 3410,crn:12170,1253
POLS 3418W,crn:9872,1253
POLS 3434W,crn:9882,1253
POLS 3464W,crn:9873,1253
POLS 3610W,crn:9880,1253
POLS 3612,crn:9850,1253
POLS 3617,crn:9871,1253
POLS 3628,crn:12892,1253
POLS 3652,crn:9870,1253
POLS 3662,crn:12265,1253
POLS 3710,crn:12903,1253
POLS 3802,crn:9851,1253
POLS 3807,crn:9853,1253
POLS 3817,crn:9868,1253
POLS 3827,crn:9852,1253
POLS 3842,crn:13135,1253
POLS 3991,crn:12890,1253
POLS 3991,crn:12888,1253
POLS 3999,crn:13279,1253
POLS 4894,crn:9887,1253
POLS 4997W,crn:9856,1253
PP 1001,crn:10955,1253
PP 3020W,crn:10959,1253
PP 3032,crn:14123,1253
PP 3033,crn:10963,1253
PP 3098,crn:10952,1253
PP 3098,crn:10951,1253
PP 3098,crn:13219,1253
PP 3098,crn:13199,1253
PP 3098,crn:10953,1253
PP 3098,crn:13220,1253
PP 3098,crn:10954,1253
PP 4346,crn:10970,1253
PSYC 1100,crn:4382,1253
PSYC 1101,crn:4416,1253
PSYC 1103,crn:4418,1253
PSYC 2100WQ,crn:4820,1253
PSYC 2101,crn:4836,1253
PSYC 2200,crn:4441,1253
PSYC 2201,crn:4442,1253
PSYC 2208,crn:13045,1253
PSYC 2209,crn:4873,1253
PSYC 2300,crn:4436,1253
PSYC 2301,crn:13134,1253
PSYC 2400,crn:4430,1253
PSYC 2500,crn:12774,1253
PSYC 2501,crn:12931,1253
PSYC 2600,crn:4446,1253
PSYC 2700,crn:4434,1253
PSYC 3100,crn:12469,1253
PSYC 3101,crn:12778,1253
PSYC 3102,crn:12187,1253
PSYC 3104E,crn:12777,1253
PSYC 3105,crn:12510,1253
PSYC 3106,crn:9681,1253
PSYC 3107,crn:13154,1253
PSYC 3201,crn:12664,1253
PSYC 3251,crn:4444,1253
PSYC 3252,crn:4837,1253
PSYC 3253,crn:4855,1253
PSYC 3300,crn:12467,1253
PSYC 3301,crn:12928,1253
PSYC 3450W,crn:4429,1253
PSYC 3470,crn:4433,1253
PSYC 3470,crn:4432,1253
PSYC 3500,crn:4428,1253
PSYC 3501,crn:4439,1253
PSYC 3502,crn:12661,1253
PSYC 3503,crn:4443,1253
PSYC 3504,crn:12927,1253
PSYC 3600,crn:4817,1253
PSYC 3701W,crn:4876,1253
PSYC 3770,crn:4435,1253
PSYC 3880,crn:4447,1253
PSYC 3884,crn:4451,1253
PSYC 3884,crn:12662,1253
PSYC 3889,crn:4529,1253
PSYC 3889,crn:4577,1253
PSYC 3889,crn:4537,1253
PSYC 3889,crn:4581,1253
PSYC 3889,crn:4540,1253
PSYC 3889,crn:4555,1253
PSYC 3889,crn:4531,1253
PSYC 3889,crn:4579,1253
PSYC 3889,crn:4530,1253
PSYC 3889,crn:4589,1253
PSYC 3889,crn:4562,1253
PSYC 3899,crn:4608,1253
PSYC 4197W,crn:4452,1253
PUBH 3001,crn:3601,1253
SLHS 1150,crn:9315,1253
SLHS 1150W,crn:9388,1253
SLHS 2156Q,crn:9377,1253
SLHS 2203,crn:9375,1253
SLHS 2204,crn:9376,1253
SLHS 3247,crn:9294,1253
SLHS 3248,crn:9295,1253
SLHS 3295,crn:9328,1253
SLHS 3299,crn:9329,1253
SLHS 4245,crn:9373,1253
SLHS 4249,crn:9296,1253
SLHS 4249W,crn:9369,1253
SLHS 4251,crn:9297,1253
SLHS 4254,crn:9374,1253
SLHS 4254W,crn:9378,1253
SLHS 4296W,crn:9317,1253
SOCI 1001,crn:9719,1253
SOCI 1001W,crn:9759,1253
SOCI 1251,crn:9728,1253
SOCI 1251,crn:9733,1253
SOCI 1251W,crn:9736,1253
SOCI 1501,crn:9738,1253
SOCI 1501W,crn:9741,1253
SOCI 2240W,crn:9774,1253
SOCI 2271,crn:12856,1253
SOCI 2275,crn:9771,1253
SOCI 2280,crn:9746,1253
SOCI 2301,crn:9740,1253
SOCI 2310,crn:9772,1253
SOCI 2411,crn:12212,1253
SOCI 2510,crn:9744,1253
SOCI 2530,crn:12797,1253
SOCI 2651,crn:9748,1253
SOCI 2651W,crn:9761,1253
SOCI 2655W,crn:12877,1253
SOCI 2660,crn:9747,1253
SOCI 2670,crn:12211,1253
SOCI 2680W,crn:11909,1253
SOCI 2701E,crn:9770,1253
SOCI 2800,crn:9702,1253
SOCI 2901,crn:12478,1253
SOCI 2996,crn:13903,1253
SOCI 3201,crn:9743,1253
SOCI 3211Q,crn:9762,1253
SOCI 3251,crn:9753,1253
SOCI 3251W,crn:9754,1253
SOCI 3425,crn:12213,1253
SOCI 3453W,crn:12298,1253
SOCI 3525,crn:9928,1253
SOCI 3601,crn:13929,1253
SOCI 3823W,crn:12378,1253
SOCI 3990,crn:9768,1253
SOCI 3991,crn:9766,1253
SOCI 3991W,crn:9767,1253
SOCI 3996W,crn:13904,1253
SOCI 3999,crn:13901,1253
SOWK 2995,crn:9718,1253
SOWK 3101,crn:7165,1253
SOWK 3201,crn:7166,1253
SOWK 3350,crn:7167,1253
SOWK 3503,crn:7168,1253
SOWK 3701,crn:7169,1253
SOWK 3801,crn:7173,1253
SPAN 1001,crn:6607,1253
SPAN 1002,crn:6617,1253
SPAN 1003,crn:6627,1253
SPAN 1004,crn:6635,1253
SPAN 1007,crn:6643,1253
SPAN 1009,crn:6703,1253
SPAN 1010,crn:6705,1253
SPAN 3102,crn:6736,1253
SPAN 3172,crn:6718,1253
SPAN 3178,crn:6650,1253
SPAN 3179,crn:2602,1253
SPAN 3200,crn:6644,1253
SPAN 3206,crn:6646,1253
SPAN 3207,crn:6647,1253
SPAN 3208,crn:6648,1253
SPAN 3230,crn:6649,1253
SPAN 3232,crn:6653,1253
SPAN 3240W,crn:6683,1253
SPAN 3241,crn:14273,1253
SPAN 3242,crn:6700,1253
SPAN 3250,crn:6676,1253
SPAN 3260,crn:6645,1253
SPAN 3265,crn:6654,1253
SPAN 3267W,crn:6712,1253
STAT 1000Q,crn:9191,1253
STAT 1100Q,crn:9214,1253
STAT 2215Q,crn:9237,1253
STAT 2255,crn:9287,1253
STAT 3005,crn:10833,1253
STAT 3025Q,crn:9239,1253
STAT 3115Q,crn:9255,1253
STAT 3215Q,crn:9291,1253
STAT 3255,crn:9286,1253
STAT 3345Q,crn:13160,1253
STAT 3375Q,crn:9243,1253
STAT 3445,crn:9247,1253
STAT 3494W,crn:9277,1253
STAT 3515Q,crn:9257,1253
STAT 3675Q,crn:9258,1253
STAT 4190,crn:14390,1253
STAT 4195,crn:13231,1253
STAT 4195,crn:12967,1253
STAT 4299,crn:14405,1253
STAT 4389,crn:13818,1253
STAT 4625,crn:9274,1253
STAT 4825,crn:9260,1253
STAT 4915,crn:9289,1253
STAT 4916W,crn:9290,1253
TRST 3011,crn:6721,1253
UNIV 1730,crn:11638,1253
UNIV 1800,crn:11529,1253
UNIV 1800,crn:11532,1253
UNIV 1810,crn:11202,1253
UNIV 1810,crn:14004,1253
UNIV 1810,crn:14115,1253
UNIV 1810,crn:12155,1253
UNIV 1810,crn:11216,1253
UNIV 1810,crn:13864,1253
UNIV 1810,crn:11201,1253
UNIV 1810,crn:11203,1253
UNIV 1810,crn:11217,1253
UNIV 1810,crn:11219,1253
UNIV 1810,crn:11213,1253
UNIV 1810,crn:11210,1253
UNIV 1810,crn:11222,1253
UNIV 1810,crn:11196,1253
UNIV 1810,crn:11197,1253
UNIV 1810,crn:11199,1253
UNIV 1810,crn:11215,1253
UNIV 1810,crn:11207,1253
UNIV 1810,crn:11194,1253
UNIV 1810,crn:11214,1253
UNIV 1810,crn:14055,1253
UNIV 1820,crn:11544,1253
UNIV 1820,crn:11541,1253
UNIV 1820,crn:11547,1253
UNIV 1820,crn:11540,1253
UNIV 1820,crn:14536,1253
UNIV 1820,crn:11554,1253
UNIV 1820,crn:11556,1253
UNIV 1820,crn:11551,1253
UNIV 1820,crn:11549,1253
UNIV 1820,crn:11548,1253
UNIV 1820,crn:11546,1253
UNIV 1820,crn:11538,1253
UNIV 1820,crn:14193,1253
UNIV 1820,crn:13049,1253
UNIV 1820,crn:11553,1253
UNIV 1820,crn:11550,1253
UNIV 1820,crn:14552,1253
UNIV 1840,crn:11226,1253
UNIV 1840,crn:11227,1253
UNIV 1840,crn:11228,1253
UNIV 1881,crn:14044,1253
UNIV 2600,crn:11637,1253
UNIV 3294,crn:14319,1253
UNIV 3784,crn:12879,1253
UNIV 3784,crn:11621,1253
UNIV 3784,crn:11620,1253
UNIV 3820,crn:11230,1253
UNIV 3820,crn:11236,1253
UNIV 3820,crn:11231,1253
UNIV 3820,crn:11232,1253
UNIV 3820,crn:11241,1253
UNIV 3820,crn:11233,1253
UNIV 3820,crn:11238,1253
UNIV 3820,crn:11234,1253
UNIV 3820,crn:11240,1253
UNIV 3820,crn:11237,1253
UNIV 3820,crn:11235,1253
UNIV 3995,crn:12025,1253
UNIV 3999,crn:14252,1253
UNIV 4600W,crn:11623,1253
UNIV 4697W,crn:13868,1253
UNIV 4800,crn:11839,1253
UNIV 4820,crn:12027,1253
UNIV 4840,crn:14546,1253
URBN 1200,crn:11381,1253
URBN 1300,crn:10249,1253
URBN 1300W,crn:10248,1253
URBN 2000,crn:10223,1253
URBN 2302W,crn:12984,1253
URBN 2600,crn:10267,1253
URBN 2901,crn:12482,1253
URBN 3200,crn:12479,1253
URBN 3981,crn:10233,1253
URBN 3991,crn:10227,1253
URBN 3993,crn:10254,1253
URBN 4000,crn:10247,1253
URBN 4497W,crn:10261,1253
URBN 4999,crn:10241,1253
WGSS 1105,crn:9829,1253
WGSS 1121,crn:12713,1253
WGSS 2105W,crn:12307,1253
WGSS 2124,crn:9790,1253
WGSS 2204,crn:9776,1253
WGSS 2217,crn:9794,1253
WGSS 2217W,crn:9840,1253
WGSS 2250,crn:9808,1253
WGSS 2263,crn:9823,1253
WGSS 2680W,crn:11910,1253
WGSS 3247,crn:9838,1253
WGSS 3253W,crn:12304,1253
WGSS 3254,crn:9574,1253
WGSS 3258,crn:9916,1253
WGSS 3269,crn:9810,1253
WGSS 3271,crn:9811,1253
WGSS 3350,crn:14270,1253
WGSS 3562,crn:9403,1253
WGSS 3613,crn:10315,1253
WGSS 3652,crn:14271,1253
WGSS 3718W,crn:9839,1253
WGSS 3891,crn:12256,1253
WGSS 3998,crn:9813,1253
WGSS 3998,crn:9913,1253
WGSS 3999,crn:9814,1253
WGSS 4994W,crn:9812,1253
