Undergrad_Course_Title,Credit
AAC 200 - Topics in Arts Administration and Cultural Advocacy,3 credit(s).
AAC 280 - Writing for Non-Profit Organizations,3 credit(s).
AAC 490 - Capstone Project in Arts Administration and Cultural Advocacy,3 credit(s).
AAC 497 - Internship in Arts Administration and Cultural Advocacy,1 to 6 credit(s).
ACC 200 - Principles of Financial Accounting,3 credit(s).
ACC 202 - Accounting Spreadsheet Applications,1 credit(s).
ACC 210 - Managerial Accounting,3 credit(s).
ACC 310 - Intermediate Accounting I,3 credit(s).
ACC 311 - Intermediate Accounting II,3 credit(s).
ACC 312 - Intermediate Accounting III,3 credit(s).
ACC 340 - Data Analytics for Accounting,3 credit(s).
ACC 350 - Federal Income Taxation,3 credit(s).
ACC 351 - Advanced Studies in Taxation,3 credit(s).
ACC 352 - Income Tax Administration Practicum,3 credit(s).
ACC 370 - Accounting Information Systems,3 credit(s).
ACC 380 - Fraud and Forensic Accounting,3 credit(s).
ACC 398 - Special Topics in Accounting,3 credit(s).
ACC 401 - Not-For-Profit and Governmental Accounting,3 credit(s).
ACC 410 - Advanced Accounting,3 credit(s).
ACC 424 - International Accounting,3 credit(s).
ACC 450 - Accounting Capstone,3 credit(s).
ACC 461 - Auditing,3 credit(s).
ACC 497 - Internship,3 to 6 credit(s).
ACC 499 - Independent Study,3 credit(s).
AFR 100 - Introduction to Africana Studies,3 credit(s).
AFR 475 - Seminar in Africana Studies,3 credit(s).
ANT 100 - Interpreting Cultures,3 credit(s).
ANT 101 - Cultural Anthropology,3 credit(s).
ANT 102 - Biological Anthropology,3 credit(s).
ANT 201 - The Global Community,3 credit(s).
ANT 204 - Language and Culture,3 credit(s).
ANT 205 - Archaeology and the Human Past,3 credit(s).
ANT 211 - Writing Culture: The Art of Ethnographic Writing,3 credit(s).
ANT 214 - American Tongues: Everyday Politics of Speaking,3 credit(s).
ANT 222 - Modern Human Variation,3 credit(s).
"ANT 224 - Self, Language and Society",3 credit(s).
ANT 225 - Peoples and Cultures of Central and South America,3 credit(s).
ANT 235 - Archaeological Fact and Fiction,3 credit(s).
ANT 252 - Introduction Forensic Science,3 credit(s).
ANT 260 - Anthropology of Media,3 credit(s).
ANT 298 - Special Topics in Anthropology,3 credit(s).
ANT 305 - Archaeology Field School,3 to 12 credit(s).
ANT 311 - Applied Anthropology,3 credit(s).
ANT 312 - Medical Anthropology,3 credit(s).
ANT 321 - Contemporary Issues in Indigenous North America,3 credit(s).
ANT 322 - Forensic Anthropology,3 credit(s).
ANT 335 - African Prehistory,3 credit(s).
ANT 340 - Ritual Expressions,3 credit(s).
ANT 352 - Crime Scene Investigation,3 credit(s).
ANT 355 - Native American Women,3 credit(s).
ANT 362 - Forensic Science in Famous Cases,3 credit(s).
"ANT 372 - Sex, Gender, and Sexuality",3 credit(s).
ANT 376 - Anthropology of Education,3 credit(s).
ANT 380 - Anthropology of Women and Health,3 credit(s).
ANT 382 - People and Weight,3 credit(s).
ANT 390 - Ethics in Anthropology,3 credit(s).
ANT 432 - Evidence of Human Evolution,4 credit(s).
ANT 442 - Advanced Forensic Anthropology,3 credit(s).
ANT 445 - Stones and Bones,3 credit(s).
ANT 470 - Ethnographic Fieldwork Methods,3 credit(s).
ANT 475 - Methods in Archaeology,3 credit(s).
ANT 480 - Theory of Anthropology,3 credit(s).
ANT 491 - Supervised Research,3 to 9 credit(s).
ANT 497 - Anthropology Internship,3 to 9 credit(s).
ANT 499 - Independent Study,.5 to 6 credit(s).
ARB 100 - Arabic I,3 credit(s).
ARB 101 - Arabic II,3 credit(s).
ARB 200 - Arabic III,3 credit(s).
ARB 499 - Independent Study,3 credit(s).
ART 104 - History of Western Art I,3 credit(s).
ART 105 - History of Western Art II,3 credit(s).
ART 106 - Critical Thinking in the Visual Arts,3 credit(s).
ART 112 - Color and 2-D Design,3 credit(s).
ART 113 - 3-Dimensional Design,3 credit(s).
ART 114 - Digital Foundations for Art & Design,3 credit(s).
ART 150 - Introductory Drawing I,3 credit(s).
ART 151 - Introductory Drawing II,3 credit(s).
ART 201 - Visual Art and the Studio Experience,3 credit(s).
ART 215 - Graphic Design I,3 credit(s).
ART 216 - Typography I,3 credit(s).
ART 220 - Introductory Painting,3 credit(s).
ART 233 - Jewelry/Metals I,3 credit(s).
ART 236 - Ceramics I: Hand-Building,3 credit(s).
ART 237 - Pottery I,3 credit(s).
ART 238 - Ceramic Sculpture I,3 credit(s).
ART 240 - Introduction to Sculpture: Construction and Subtraction,3 credit(s).
ART 241 - Sculpture: Modeling and Casting,3 credit(s).
ART 250 - Intermediate Drawing,3 credit(s).
"ART 260 - Etching, Woodcut, Collograph",3 credit(s).
ART 261 - Lithography and Silkscreen,3 credit(s).
ART 262 - Photography as Visual Language,3 credit(s).
ART 264 - Introduction to Digital Photography,3 credit(s).
"ART 266 - Conspiracy Theories, Photography and U.S. History",3 credit(s).
ART 270 - Introduction to Art Education,3 credit(s).
ART 298 - Special Topics in Art,3 credit(s).
ART 301 - History of Italian Renaissance Art,3 credit(s).
ART 302 - History of Art of the United States,3 credit(s).
ART 303 - History of the Art of East Asia,3 credit(s).
ART 306 - History of Medieval Art,3 credit(s).
ART 307 - History of Baroque Art,3 credit(s).
ART 309 - History of African Art,3 credit(s).
ART 310 - Design for Interfaces,3 credit(s).
ART 315 - Graphic Design II,3 credit(s).
ART 316 - Typography II,3 credit(s).
ART 317 - History of Women and Art,3 credit(s).
ART 318 - Interactive Design,3 credit(s).
ART 320 - Intermediate Painting I,3 credit(s).
ART 321 - Intermediate Painting II,3 credit(s).
ART 332 - Metalsmithing,3 credit(s).
ART 333 - Jewelry/Metals II,3 credit(s).
ART 334 - Casting in Jewelry/Metals,3 credit(s).
ART 335 - Student Teaching I,6 credit(s).
ART 336 - Ceramics II,3 credit(s).
ART 337 - Pottery II,3 credit(s).
ART 338 - Ceramic Sculpture II,3 credit(s).
ART 340 - Intermediate Sculpture: Materials and Concepts,3 credit(s).
ART 341 - Intermediate Sculpture: Process and Content,3 credit(s).
ART 350 - Advanced Drawing I,3 credit(s).
ART 351 - Advanced Drawing II,3 credit(s).
"ART 360 - Intermediate Printmaking: Etching, Woodcut or Collograph",3 credit(s).
ART 361 - Intermediate Printmaking: Lithography or Silkscreen,3 credit(s).
ART 362 - Advanced Film Photography,3 credit(s).
ART 368 - Advanced Digital Photography,3 credit(s).
ART 369 - The Photobook: History and Practice,3 credit(s).
ART 370 - Strategies and Methods for Teaching Art,3 credit(s).
ART 371 - Curriculum Development in Art Education,3 credit(s).
ART 375 - Clinical Field Experience,1 credit(s).
ART 392 - Methods and Theories of the History of Art,3 credit(s).
ART 398 - Special Topics in Art,3 credit(s).
ART 400 - History of Architecture,3 credit(s).
ART 401 - History of Art Since 1945,3 credit(s).
ART 412 - Professional Topics in Art Education,1 credit(s).
ART 414 - Socially Engaged Art Education,3 credit(s).
ART 415 - Professional Practice in Graphic Design,3 credit(s).
ART 420 - Advanced Painting,3 credit(s).
ART 430 - Advanced Ceramics,3 credit(s).
ART 433 - Jewelry/Metals III,3 credit(s).
ART 434 - Jewelry/Metals IV,3 credit(s).
ART 435 - Student Teaching II,6 credit(s).
ART 440 - Advanced Sculpture,3 credit(s).
ART 441 - Advanced Sculpture: Studio Practice,3 credit(s).
ART 450 - Advanced Photography I,3 credit(s).
ART 451 - Photography Portfolio Development,3 credit(s).
ART 460 - Experimental Printmaking,3 credit(s).
ART 461 - Innovative Printmaking,3 credit(s).
ART 480 - Advanced Art Problems I,1 to 6 credit(s).
ART 481 - Advanced Art Problems II,1 to 6 credit(s).
ART 493 - Studio Art Capstone,3 credit(s).
ART 496 - Freelance Design - Building a Practice,3 credit(s).
ART 497 - Design Practicum,1 to 6 credit(s).
ART 499 - Independent Study,1 to 6 credit(s).
"AST 100 - Stars, Planets, and Galaxies",3 credit(s).
AST 310 - Stellar and Galactic Astrophysics,3 credit(s).
AST 340 - Observational Astronomy,3 credit(s).
BIO 100 - General Zoology,3 credit(s).
BIO 101 - General Botany,3 credit(s).
BIO 102 - Biology I,4 credit(s).
BIO 103 - Biology II,4 credit(s).
BIO 120 - Microbiology,4 credit(s).
BIO 200 - Human Anatomy and Physiology I,4 credit(s).
BIO 201 - Human Anatomy and Physiology II,4 credit(s).
BIO 202 - Ecology,4 credit(s).
BIO 210 - Marine and Environmental Biology,4 credit(s).
BIO 215 - Animal Behavior,3 credit(s).
BIO 220 - Genetics,4 credit(s).
BIO 228 - Vertebrate Zoology,4 credit(s).
BIO 231 - Comparative Vertebrate Anatomy,4 credit(s).
BIO 233 - Introductory Microbiology,4 credit(s).
BIO 236 - Cell Biology,4 credit(s).
BIO 240 - Human Heredity,3 credit(s).
BIO 280 - Conservation Biology,4 credit(s).
BIO 292 - Biology of Aging,3 credit(s).
BIO 296 - Genomics I,4 credit(s).
BIO 298 - Special Topics in Biology,3 to 4 credit(s).
BIO 301 - Physiology,4 credit(s).
BIO 325 - Immunology and Infection,3 credit(s).
BIO 327 - Field Natural History,3 credit(s).
BIO 335 - Pathogenic Microbiology,4 credit(s).
BIO 337 - Medically Important Arthropods,3 credit(s).
BIO 351 - Histology,4 credit(s).
BIO 386 - Practical Bioinformatics: Genomics II,4 credit(s).
BIO 390 - Biology Research Training,3 credit(s).
BIO 391 - Biology Research Seminar,1 credit(s).
BIO 393 - Introduction to Bioinformatics,4 credit(s).
BIO 396 - Synthetic Biology: Engineering Life,4 credit(s).
BIO 398 - Special Topics in Biology,3 or 4 credit(s).
BIO 399 - Mammalian Biology,4 credit(s).
BIO 401 - Comparative Physiology,4 credit(s).
BIO 405 - Marine Mammal Physiology,3 credit(s).
BIO 420 - Plant Physiology,4 credit(s).
BIO 429 - Limnology,4 credit(s).
BIO 430 - Marine Ecology,4 credit(s).
BIO 435 - Developmental Biology,4 credit(s).
BIO 436 - Molecular Biology,4 credit(s).
BIO 440 - Parasitic Infections,3 credit(s).
BIO 450 - Undergraduate Research Methods in Biology,3 credit(s).
BIO 451 - Tissue Culture,4 credit(s).
BIO 454 - Brain – Anatomy and Transmission,4 credit(s).
BIO 460 - Paleontology,4 credit(s).
BIO 467 - Laboratory Course in Biotechnology,4 credit(s).
BIO 491 - Seminar in Biotechnology,1 credit(s).
BIO 497 - In-Service Training in Biology,3 credit(s).
BIO 499 - Independent Study and Research,1 to 6 credit(s).
BIS 370 - Business Information Systems,3 credit(s).
BIS 371 - Information System Analysis and Design Techniques,3 credit(s).
BIS 372 - Database Management,3 credit(s).
BIS 375 - Decision Support Systems,3 credit(s).
BIS 380 - Cloud Computing for Business,3 credit(s).
BIS 385 - Design and Administration of Business Messaging Systems,3 credit(s).
BIS 390 - GetVirtual,3 credit(s).
BIS 398 - Special Topics in Business Information Systems,3 credit(s).
BIS 400 - Global Information Systems,3 credit(s).
BIS 410 - AI for Business Systems,3 credit(s).
BIS 415 - Technology for Real Estate Professionals,3 credit(s).
BIS 422 - Supply Chain Automation and Logistics,3 credit(s).
BIS 430 - Project Management,3 credit(s).
BIS 460 - Information Security Management,3 credit(s).
BIS 470 - Business Information Systems Design,3 credit(s).
BIS 497 - Internship,3 credit(s).
BIS 498 - Advanced Special Topics in Business Information Systems,3 credit(s).
BUS 300 - Practical Business Work Experience and Education,6 credit(s).
BUS 398 - Special Topics in Business Administration,3 credit(s).
"BUS 400 - Practical Business Work Experience, Education and",6 credit(s).
BUS 430 - Business Development & Planning,3 credit(s).
BUS 497 - Interdisciplinary Business Internship,3 credit(s).
BUS 498 - Special Topics in Business Administration,3 credit(s).
CHE 103 - Crime Scene Chemistry,4 credit(s).
CHE 108 - Culinary Chemistry,3 credit(s).
CHE 120 - General Chemistry I,4 credit(s).
CHE 121 - General Chemistry II,4 credit(s).
"CHE 125 - Introduction to General, Organic and Biochemistry",4 credit(s).
CHE 240 - Analytical Chemistry,4 credit(s).
CHE 260 - Organic Chemistry I,4 credit(s).
CHE 261 - Organic Chemistry II,4 credit(s).
CHE 264 - Organic Chemistry I: Lab Only,1 credit(s).
CHE 290 - Introduction to Chemistry Research,3 credit(s).
CHE 301 - Preparation of Scientific Documents,1 credit(s).
CHE 340 - Environmental Chemistry,3 credit(s).
CHE 370 - Physical Chemistry I,3 credit(s).
CHE 371 - Physical Chemistry II,3 credit(s).
CHE 372 - Physical Chemistry Laboratory I,1 credit(s).
CHE 376 - Biophysical Chemistry,3 credit(s).
CHE 411 - Chemical Education,3 credit(s).
CHE 421 - Computational Chemistry,3 credit(s).
CHE 435 - Inorganic Chemistry I,3 credit(s).
CHE 436 - Inorganic Chemistry Lab,1 credit(s).
CHE 440 - Instrumental Analysis,4 credit(s).
CHE 445 - Chemical Hazards and Laboratory Safety,1 credit(s).
CHE 450 - Biochemistry I,4 credit(s).
CHE 451 - Biochemistry II,4 credit(s).
CHE 456 - Medicinal Chemistry,3 credit(s).
CHE 457 - Pharmacology,3 credit(s).
CHE 458 - Drug Discovery,3 credit(s).
CHE 490 - Chemistry Research,3 credit(s).
CHE 491 - Chemistry Research,3 credit(s).
CHE 496 - Chemistry Seminar,1 credit(s).
CHE 497 - Chemistry Internship,3 credit(s).
CHE 499 - Independent Study and Research,1 to 3 credit(s).
CHI 100 - Chinese I,3 credit(s).
CMD 150 - Sustaining Professional Resilience in Health Care and School Settings,3 credit(s).
CMD 200 - Introduction to Developmental Communication Disorders,3 credit(s).
CMD 201 - Introduction to Communication Disorders in Medical Settings,3 credit(s).
CMD 203 - Phonetics and Phonological Systems,3 credit(s).
CMD 317 - Anatomy and Physiology of the Speech Mechanism,3 credit(s).
CMD 319 - Language Development: Ages Birth to Five,3 credit(s).
CMD 320 - Introduction to Hearing Science,3 credit(s).
CMD 321 - Introduction to Audiology,3 credit(s).
CMD 418 - Neurological Bases of Communication,3 credit(s).
CMD 419 - Language Acquisition: School Age: Adolescence,3 credit(s).
CMD 420 - Speech Science,3 credit(s).
CMD 461 - Clinical Practice of Speech-Language Pathology and Audiology,3 credit(s).
CMD 462 - Clinical Practicum for the Speech-Language Pathology Assistant,3 credit(s).
CMD 463 - Speech-Language Pathology Assistant Practicum,3 credit(s).
CMD 499 - Independent Study,1 to 3 credit(s).
CMS 101 - Public Speaking,3 credit(s).
CMS 102 - Professional Voice and Diction,3 credit(s).
CMS 110 - World of Communication,3 credit(s).
CMS 115 - Human Communication,3 credit(s).
CMS 130 - Media Persuasion and Everyday Life,3 credit(s).
CMS 135 - Introduction to Computer Mediated Communication,3 credit(s).
CMS 140 - How Media Means,3 credit(s).
CMS 145 - Visual Communication,3 credit(s).
CMS 201 - Interpersonal Communication,3 credit(s).
"CMS 205 - Capturing, Analyzing, and Presenting Family Stories",3 credit(s).
CMS 210 - Persuasion,3 credit(s).
CMS 221 - Advertising and Public Relations Theories and Concepts,3 credit(s).
CMS 222 - Media Theory,3 credit(s).
CMS 238 - Communication Design,3 credit(s).
CMS 240 - Introduction to Media Studies,3 credit(s).
CMS 245 - Experimental Media Production,3 credit(s).
CMS 247 - Media Issues and Problems,3 credit(s).
"CMS 250 - Reading Film: Form, Genre, Culture",3 credit(s).
CMS 258 - Cinematic Technique,3 credit(s).
CMS 260 - Reading Film II: Approaches to International Film,3 credit(s).
CMS 261 - Managing Social Media I,3 credit(s).
CMS 265 - Social Media: Private Life/Public Life,3 credit(s).
CMS 285 - Communication and Media Research,3 credit(s).
"CMS 298 - Special Topics in Communication, Media and Screen Studies",3 credit(s).
CMS 300 - Organizational Communication,3 credit(s).
CMS 302 - Relational Communication,3 credit(s).
CMS 312 - Communication and Gender,3 credit(s).
CMS 315 - Networked Youth Culture,3 credit(s).
CMS 320 - Workplace Communication,3 credit(s).
CMS 325 - Romance to Ruin: Media and Relationships,3 credit(s).
CMS 327 - Interpersonal Conflict and Communication,3 credit(s).
CMS 329 - Communication Theory,3 credit(s).
CMS 330 - Propaganda in Media,3 credit(s).
CMS 333 - Scriptwriting for Film and Television,3 credit(s).
CMS 335 - Advertising Strategy and Planning,3 credit(s).
CMS 336 - Writing Copy for Integrated Media,3 credit(s).
CMS 338 - Advanced Communication Design,3 credit(s).
CMS 340 - Brand Management,3 credit(s).
"CMS 342 - Hip Hop, Rap and Media",3 credit(s).
CMS 345 - Advanced Audio Production and Sound,3 credit(s).
CMS 346 - Music and Sound in Media,3 credit(s).
CMS 347 - Political Satire and New Media,3 credit(s).
CMS 348 - Media Literacy Education for Students and Teachers,3 credit(s).
CMS 361 - Managing Social Media II,3 credit(s).
CMS 362 - Gender Media Culture,3 credit(s).
"CMS 365 - Television, New Media, and Culture",3 credit(s).
CMS 370 - Studio Production,3 credit(s).
CMS 375 - Field Production,3 credit(s).
CMS 378 - Graphics for Film and Television,3 credit(s).
"CMS 398 - Special Topics in Communication, Media and Screen Studies",3 credit(s).
CMS 410 - Crisis Communication,3 credit(s).
CMS 420 - Professional Communication Training and Development,3 credit(s).
CMS 430 - Advertising and Public Relations Campaigns,3 credit(s).
"CMS 435 - Sex, Violence, and the American Dream",3 credit(s).
CMS 440 - Cultural Influences on Communication,3 credit(s).
CMS 445 - Social Media Campaign Planning,3 credit(s).
CMS 450 - CMS Capstone,3 credit(s).
"CMS 460 - Seminar in Communication, Media, & Screen Studies",3 credit(s).
CMS 465 - Content Development for Social Media,3 credit(s).
CMS 470 - Narrative Filmmaking,3 credit(s).
CMS 473 - Advanced Studio Production,3 credit(s).
CMS 475 - Documentary Filmmaking,3 credit(s).
"CMS 490 - Practicum in Communication, Media and Screen Studies",3 credit(s).
"CMS 495 - Communication, Media, and Screen Studies Capstone Project",3 credit(s).
"CMS 497 - Communication, Media and Screen Studies Field Experience",1 to 12 credit(s).
"CMS 498 - Special Topics in Communication, Media and Screen Studies",3 credit(s).
CMS 499 - Independent Study,1 to 3 credit(s).
COE 200 - Social Emotional Learning in Children Module,0 credit(s).
COE 201 - Dyslexia Module,0 credit(s).
COE 202 - Health and Mental Health Module,0 credit(s).
COE 203 - Computational Thinking  Module,0 credit(s).
COM 234 - Copywriting and Creative Concepts,3 credit(s).
COM 287 - Introduction to Communication Research,3 credit(s).
CSC 101 - Introduction to Computers and Applications,3 credit(s).
CSC 104 - Web Technology,3 credit(s).
CSC 152 - CS1: Programming Fundamentals,3 credit(s).
CSC 200 - Information Management and Productivity Software,3 credit(s).
CSC 207 - Computer Systems,4 credit(s).
CSC 212 - CS 2: Data Structures,3 credit(s).
CSC 229 - Object - Oriented Programming,3 credit(s).
CSC 235 - Web and Database Development,3 credit(s).
CSC 265 - Computer Networking and Security I,3 credit(s).
CSC 305 - Computer Organization,3 credit(s).
CSC 321 - Algorithm Design and Analysis,3 credit(s).
CSC 324 - Computer Ethics,3 credit(s).
CSC 330 - Software Design and Development,3 credit(s).
CSC 334 - Human Computer Interaction,3 credit(s).
CSC 335 - Database Systems,3 credit(s).
CSC 341 - Digital Imaging,3 credit(s).
CSC 398 - Special Topics in Computer Science,1 to 3 credit(s).
CSC 400 - Computer Science Project Seminar,3 credit(s).
CSC 421 - Theory of Programming Language,3 credit(s).
CSC 424 - System Administration,3 credit(s).
CSC 425 - Operating Systems,3 credit(s).
CSC 428 - Bioinformatics Algorithms,3 credit(s).
CSC 431 - Computer Graphics,3 credit(s).
CSC 443 - Internet Programming,3 credit(s).
CSC 451 - Fundamentals of Deep Learning,3 credit(s).
CSC 453 - Information Security,3 credit(s).
CSC 461 - Generative AI for Language Modeling,3 credit(s).
CSC 463 - Distributed and Parallel Computing,3 credit(s).
CSC 465 - Computer Networking and Security II,3 credit(s).
CSC 477 - Data Mining,3 credit(s).
CSC 481 - Artificial Intelligence,3 credit(s).
CSC 490 - Research in Computer Science I,3 credit(s).
CSC 491 - Research in Computer Science II,3 credit(s).
CSC 497 - Computer Science Internship,1 to 3 credit(s).
CSC 499 - Independent Study and Research,1 to 6 credit(s).
CTR 300 - Cooperative Education,.5 to 12 credit(s).
DGH 100 - Introduction to Digital Humanities,3 credit(s).
DSC 100 - Data Science I,3 credit(s).
DSC 101 - Data Science II,3 credit(s).
DSC 205 - Data Visualization,3 credit(s).
DSC 333 - Cloud Services for Data Science,3 credit(s).
DSC 480 - Applications of Machine Learning in Bioinformatics,3 credit(s).
DSC 490 - Data Science Capstone Project,3 credit(s).
ECO 100 - Principles of Macroeconomics,3 credit(s).
ECO 101 - Principles of Microeconomics,3 credit(s).
ECO 110 - Social Issues and Economics,3 credit(s).
ECO 200 - Macroeconomic Analysis,3 credit(s).
ECO 201 - Microeconomic Analysis,3 credit(s).
ECO 270 - Applied Business Statistics,3 credit(s).
ECO 302 - Environmental Economics,3 credit(s).
ECO 303 - Development Economics,3 credit(s).
ECO 305 - Economic Data Visualization and Analysis,3 credit(s).
ECO 307 - Urban Economics,3 credit(s).
ECO 311 - Public Finance,3 credit(s).
ECO 316 - Game Theory,3 credit(s).
ECO 320 - Health Economics,3 credit(s).
ECO 321 - Introductory Econometrics,3 credit(s).
ECO 322 - Business and Economic Forecasting,3 credit(s).
ECO 323 - Predictive Analytics for Business Data,3 credit(s).
ECO 340 - Money and Banking,3 credit(s).
ECO 350 - International Economics I: Trade,3 credit(s).
ECO 351 - International Economics II: Finance,3 credit(s).
ECO 410 - Managerial Economics,3 credit(s).
ECO 450 - Seminar in Applied Economics,3 credit(s).
ECO 497 - Internship,1 to 3 credit(s).
ECO 499 - Independent Study,1 to 3 credit(s).
EDU 106 - New Literacies: Digital Text and Tools for Learning,3 credit(s).
EDU 198 - Special Topics in Education,3 credit(s).
"EDU 200 - Teachers, Schools, and Society",3 credit(s).
EDU 206 - Principles of Early Childhood Education,3 credit(s).
EDU 300 - Student Teaching I,6 credit(s).
EDU 305 - Emerging Literacies,3 credit(s).
EDU 307 - Children’s Literature and Literacy,3 credit(s).
EDU 308 - Children’s Literature and Literacy: Early Childhood,3 credit(s).
EDU 309 - Curriculum Design and Methods for Pre-K/ K,3 credit(s).
EDU 312 - Integrated Curriculum in the Primary Classroom,3 credit(s).
EDU 316 - Child Development and Psychology for Educators,3 credit(s).
EDU 317 - Science Education in the Elementary School,3 credit(s).
"EDU 319 - Integrated Mathematics, Science, and Technology for Early Childhood Education",3 credit(s).
EDU 321 - Social Studies Curriculum and Pedagogy,1.5 credit(s).
"EDU 322 - Family, School, and Community Partnerships",3 credit(s).
EDU 325 - Best Practices in Classroom Management,3 credit(s).
EDU 326 - Culturally Responsive Positive Guidance in Early Childhood,3 credit(s).
EDU 330 - Social Studies in Elementary Schools,3 credit(s).
EDU 370 - Early Childhood Student Teaching I,5 credit(s).
EDU 400 - Student Teaching II,6 credit(s).
EDU 407 - Developing Literacies,3 credit(s).
EDU 408 - Developing Literacies in Elementary Education,3 credit(s).
EDU 413 - Secondary Education,3 credit(s).
EDU 414 - Applications of Child Development,3 credit(s).
EDU 415 - Responsive Curriculum and Assessment,3 credit(s).
EDU 424 - Teaching Mathematics in Elementary School.,3 credit(s).
EDU 444 - DSAP Supervision and Appraisal,3 credit(s).
EDU 450 - Student Teaching I,5 credit(s).
EDU 451 - Student Teaching II,5 credit(s).
EDU 470 - Early Childhood Student Teaching II,6 credit(s).
EDU 471 - Supporting English Learners for School Success,1.5 credit(s).
EDU 472 - Nurturing Multilingual Students in Early Childhood,3 credit(s).
EDU 475 - Supervised Fieldwork,1 credit(s).
EDU 480 - Student Teaching,11 credit(s).
EDU 485 - Student Teaching Seminar,1 credit(s).
EDU 499 - Independent Study,1 to 6 credit(s).
EGR 151 - Engineering Concepts,3 credit(s).
EGR 232 - Materials Science and Engineering,3 credit(s).
EGR 251 - Engineering Mechanics I: Statics,3 credit(s).
EGR 471 - Capstone Experience in Engineering,3 credit(s).
ENG 110 - Fundamentals of Academic Writing,3 credit(s).
ENG 112 - Writing Arguments,3 credit(s).
ENG 119 - College Composition for Bilingual Students,3 credit(s).
ENG 120 - Writing Arguments for Bilingual Students,3 credit(s).
ENG 125 - Representing Sexism and Homophobia Critically,3 credit(s).
ENG 200 - Intermediate Composition,3 credit(s).
ENG 201 - Creative Writing,3 credit(s).
ENG 202 - Introduction to Poetry Writing,3 credit(s).
ENG 203 - Introduction to Fiction Writing,3 credit(s).
ENG 204 - Introduction to Memoir and Creative Nonfiction Writing,3 credit(s).
ENG 209 - Lyrics as Literature:Reading and Writing Song Lyrics,3 credit(s).
ENG 217 - Introduction to Literature,3 credit(s).
ENG 218 - The American Experience and Literature,3 credit(s).
ENG 219 - Time and Place in Literature,3 credit(s).
ENG 220 - Anglo-Irish Identities in Literature,3 credit(s).
ENG 235 - Seminar in Tutoring Writing: Theory and Practice,3 credit(s).
ENG 240 - Professional Writing: Theory and Practice,3 credit(s).
ENG 280 - Writing for Nonprofit Organizations,3 credit(s).
ENG 298 - Special Topics in English,3 credit(s).
ENG 302 - Intermediate Poetry Writing,3 credit(s).
ENG 304 - Technical Writing and Communication,3 credit(s).
ENG 306 - Intermediate Fiction Writing,3 credit(s).
ENG 307 - Literary Analysis for English Majors,3 credit(s).
ENG 308 - English Studies: Critical Theories,3 credit(s).
ENG 309 - Rhetorical Strategies in Writing and Communication,3 credit(s).
ENG 312 - English Grammar Systems,3 credit(s).
ENG 316 - Writing for Business and Industry,3 credit(s).
ENG 317 - Cross-Cultural Literatures and Contexts,3 credit(s).
ENG 318 - Writing for the Web,3 credit(s).
ENG 321 - British Literature through History I,3 credit(s).
ENG 322 - British Literature through History II,3 credit(s).
ENG 323 - American Literature through History,3 credit(s).
ENG 342 - Shakespeare I: 1564-1601,3 credit(s).
ENG 343 - Shakespeare II: 1601-1616,3 credit(s).
ENG 350 - Environmental Writing,3 credit(s).
ENG 352 - Medical and Health Writing,3 credit(s).
ENG 360 - Early American Writers,3 credit(s).
ENG 371 - Literature into Film,3 credit(s).
ENG 372 - Young Adult Literature,3 credit(s).
ENG 380 - Chaucer,3 credit(s).
ENG 402 - Advanced Poetry Writing,3 credit(s).
ENG 406 - Advanced Fiction Writing,3 credit(s).
ENG 412 - Soundwriting,3 credit(s).
ENG 415 - History of the English Language,3 credit(s).
ENG 423 - Contemporary African-American Novelists,3 credit(s).
ENG 424 - The Harlem Renaissance,3 credit(s).
ENG 462 - Gay and Lesbian Film and Literature,3 credit(s).
ENG 486 - Seminar in American Literature,3 credit(s).
ENG 487 - Seminar in British Literature,3 credit(s).
ENG 490 - Advanced Seminar in Literature,3 credit(s).
ENG 491 - Career Preparation in English,1 credit(s).
ENG 492 - Teaching English: Methods I,3 credit(s).
ENG 493 - Teaching English: Methods II,3 credit(s).
ENG 494 - Student Teaching–English,10.5 credit(s).
ENG 496 - Student Teaching Seminar–English,2 to 3 credit(s).
ENG 497 - Internship in Teaching Writing,3 credit(s).
ENG 498 - Professional Writing Internship,1 to 3 credit(s).
ENG 499 - Independent Study,1 to 3 credit(s).
ENV 100 - Environmental Studies I,3 credit(s).
ENV 101 - Critical Thinking: Global Environmental Issues,3 credit(s).
ENV 200 - Systems Thinking for the Environment,3 credit(s).
ENV 204 - Principles of Sustainability,3 credit(s).
ENV 220 - Global Climate Change,3 credit(s).
ENV 304 - Sustainability and Public Engagement,3 credit(s).
ENV 333 - Environmental Impact Assessment & Management,3 credit(s).
ENV 350 - Environmental Systems Inquiry,3 credit(s).
ENV 400 - Environmental Policy,3 credit(s).
ENV 401 - Pollution Prevention and Controls,3 credit(s).
ENV 404 - Applied Sustainability Science,3 credit(s).
ENV 491 - Environmental Problem Solving,3 credit(s).
ENV 498 - Special Topics in Environmental Studies,3 credit(s).
ESC 103 - General Geology,3 credit(s).
ESC 104 - Geohazards and Natural Disasters,3 credit(s).
ESC 106 - General Oceanography,3 credit(s).
ESC 111 - Life Through Time,3 credit(s).
ESC 200 - Physical Geology,4 credit(s).
ESC 201 - History of Earth and Life,4 credit(s).
ESC 205 - Principles of Meteorology,4 credit(s).
ESC 210 - Principles of Astronomy,4 credit(s).
ESC 220 - Physical and Chemical Oceanography,3 credit(s).
ESC 235 - Computation and Visualization of Data in the Earth Sciences.,3 credit(s).
ESC 303 - Environmental Earth Science,3 credit(s).
ESC 311 - Mineralogy,4 credit(s).
ESC 312 - Petrology,4 credit(s).
ESC 315 - Geomorphology and Natural Hazards,3 credit(s).
ESC 325 - Sedimentology and Stratigraphy,4 credit(s).
ESC 332 - Invertebrate Paleontology and the Fossil Record,4 credit(s).
ESC 350 - Structural Geology and Tectonics,4 credit(s).
ESC 420 - Earth Resources,3 credit(s).
ESC 421 - Marine Geology,3 credit(s).
ESC 430 - Field Methods,3 credit(s).
ESC 457 - Hydrology,3 credit(s).
ESC 458 - Soil Science,3 credit(s).
ESC 461 - Glacial Geology,3 credit(s).
ESC 492 - Undergraduate Thesis Proposal,1 credit(s).
ESC 493 - Undergraduate Thesis,3 credit(s).
ESC 497 - Internship in Earth Science,3 credit(s).
ESC 499 - Independent Study and Research,1 to 3 credit(s).
FIN 200 - Critical Thinking in Finance,3 credit(s).
FIN 250 - U.S. Financial Industry Through Film,3 credit(s).
FIN 300 - Corporate Finance,3 credit(s).
FIN 325 - Financial Management & Reporting for Public Utilities,1.5 credit(s).
FIN 340 - Financial Markets and Institutions,3 credit(s).
FIN 341 - Principles of Investment,3 credit(s).
FIN 343 - Commercial Banking,3 credit(s).
FIN 345 - Principles of Real Estate,3 credit(s).
FIN 346 - Financial Risk Management,3 credit(s).
FIN 347 - International Financial Management,3 credit(s).
FIN 400 - Behavioral Finance,3 credit(s).
FIN 401 - Financial Modeling and Analytics,3 credit(s).
FIN 432 - Advanced Corporate Finance,3 credit(s).
FIN 435 - Business Valuation,3 credit(s).
FIN 439 - Security Analysis and Portfolio Management,3 credit(s).
FIN 446 - Quantitative Methods in Financial Risk Management,3 credit(s).
FIN 450 - Finance Capstone,3 credit(s).
FIN 456 - Entrepreneurial Finance and Venture Capital,3 credit(s).
FIN 457 - Real Estate Finance,3 credit(s).
FIN 458 - Seminar in Real Estate,3 credit(s).
FIN 460 - Treasury Management,3 credit(s).
FIN 470 - Practicum of Investing,3 credit(s).
FIN 480 - Introduction to Futures and Options,3 credit(s).
FIN 485 - Fundamentals of Fintech,3 credit(s).
FIN 490 - Fintech Seminar,3 credit(s).
FIN 496 - Big Data Analytics and Machine Learning Applications inFinance,3 credit(s).
FIN 497 - Internship,3 credit(s).
FRE 100 - French I,3 credit(s).
FRE 101 - French II,3 credit(s).
FRE 200 - French III,3 credit(s).
"FRE 201 - Feasting on France and the Francophone World: Language, Culture, Cuisine.",3 credit(s).
FRE 202 - French Language for the Global World,3 credit(s).
FRE 206 - French Culture in France,3 credit(s).
FRE 210 - Continuing French,3 credit(s).
FRE 300 - Expressing Yourself in Writing,3 credit(s).
FRE 301 - Expressing Yourself in Speaking I,3 credit(s).
FRE 302 - Expressing Yourself in Speaking II,3 credit(s).
FRE 306 - Advanced French Culture and Language Practice in France,3 credit(s).
FRE 310 - French Civilization I,3 credit(s).
FRE 311 - French Civilization II,3 credit(s).
FRE 312 - Contemporary French Culture,3 credit(s).
FRE 398 - Special Topics in French,3 credit(s).
FRE 400 - Advanced French,3 credit(s).
FRE 416 - Francophone Voices,3 credit(s).
FRE 496 - Advanced French Grammar,3 credit(s).
FYE 100 - ,15 credit(s).
"GEO 100 - People, Places, and Environments",3 credit(s).
GEO 104 - Sustainability in America: Challenges and Solutions,3 credit(s).
GEO 170 - Basic Drone Technology,3 credit(s).
GEO 200 - Human Geography,3 credit(s).
GEO 201 - Physical Geography,4 credit(s).
GEO 260 - Population Geography,3 credit(s).
GEO 270 - Designing Maps,3 credit(s).
GEO 273 - Land Use Planning,3 credit(s).
GEO 290 - Research Methods in Geography and Environmental Sustainability,3 credit(s).
GEO 305 - Environmental Economic Geography,3 credit(s).
"GEO 308 - Race, Class and Gender: Geographies of Social (In)Justice",3 credit(s).
GEO 311 - The United States and Canada,3 credit(s).
GEO 330 - Europe,3 credit(s).
GEO 357 - Coastal and Marine Geography,3 credit(s).
GEO 360 - Introduction to GIS,4 credit(s).
GEO 367 - GIS for Public Health,4 credit(s).
GEO 370 - Remote Sensing,4 credit(s).
GEO 371 - Cartography,4 credit(s).
GEO 400 - Geography of Wine,3 credit(s).
GEO 405 - Environmental Justice,3 credit(s).
GEO 460 - GIS II,4 credit(s).
GEO 461 - Environmental GIS,4 credit(s).
GEO 470 - Field Techniques,3 credit(s).
GEO 481 - Spatial Analysis,4 credit(s).
GEO 490 - Capstone Seminar,4 credit(s).
GEO 497 - Internship,3 to 6 credit(s).
GEO 499 - Independent Study,1 to 3 credit(s).
GER 100 - German I,3 credit(s).
GER 101 - German II,3 credit(s).
GER 201 - Continuing German: Contemporary German Culture,3 credit(s).
GER 202 - Continuing German: Exploring a German City,3 credit(s).
HIS 100 - Western Civilization to 1500,3 credit(s).
HIS 101 - Western Civilization from 1500 to the present,3 credit(s).
HIS 104 - Islamic Civilization,3 credit(s).
HIS 105 - Introduction to Southeast Asia: Southeast Asia to 1500.,3 credit(s).
HIS 106 - East Asia to 1850,3 credit(s).
HIS 110 - United States History to 1877,3 credit(s).
HIS 111 - United States History from 1877 to the present,3 credit(s).
HIS 128 - Latin American History,3 credit(s).
HIS 150 - Voices from the Past,3 credit(s).
HIS 200 - The Historian's Craft,3 credit(s).
HIS 201 - U.S. History Through Film,3 credit(s).
HIS 202 - European History Through Film,3 credit(s).
HIS 210 - U.S. Black History,3 credit(s).
HIS 212 - War and American Society,3 credit(s).
HIS 220 - Sports in U.S. History,3 credit(s).
HIS 221 - Ancient History: Classical Greece and Rome,3 credit(s).
HIS 232 - England and the British Empire,3 credit(s).
HIS 235 - The Holocaust,3 credit(s).
HIS 237 - Modern Germany,3 credit(s).
HIS 240 - The Middle East from Muhammad to the Mongols,3 credit(s).
HIS 241 - The Modern Middle East,3 credit(s).
HIS 257 - Indigenous Histories in North America to 1850,3 credit(s).
"HIS 258 - Indigenous Histories in North America, since 1850",3 credit(s).
HIS 259 - Digital New Haven Project,3 credit(s).
HIS 262 - Connecticut,3 credit(s).
"HIS 266 - Conspiracy Theories, Photography and U.S. History",3 credit(s).
HIS 290 - Latin American History Through Film,3 credit(s).
HIS 300 - The Vietnam War Era,3 credit(s).
HIS 304 - The Reformation,3 credit(s).
HIS 307 - Europe in the 19th Century,3 credit(s).
HIS 309 - Issues in Global History,3 credit(s).
HIS 311 - Who Built America? 1500-1928,3 credit(s).
HIS 315 - American Roots,3 credit(s).
HIS 316 - History of Ancient Greece,3 credit(s).
HIS 317 - History of Rome from its Origins to Caesar,3 credit(s).
HIS 318 - Women in American History 1620-1890,3 credit(s).
HIS 319 - Women in American History 1865 - Present,3 credit(s).
HIS 320 - History of the Indochina Wars 1965-1993,3 credit(s).
HIS 336 - Nazi Germany,3 credit(s).
HIS 337 - Utopia,3 credit(s).
"HIS 338 - History, Myth, and Legend in the Middle Ages",3 credit(s).
HIS 340 - The Crusades,3 credit(s).
HIS 341 - Islamic Fundamentalism,3 credit(s).
HIS 342 - 20th Century China,3 credit(s).
HIS 343 - Modern Eastern Europe,3 credit(s).
HIS 345 - History and Culture of the African Diaspora,3 credit(s).
HIS 347 - Cultural Confrontation in the Developing World,3 credit(s).
HIS 351 - Religion in America,3 credit(s).
HIS 357 - Recent American History: 1945 to the Present,3 credit(s).
HIS 358 - American Frontiers,3 credit(s).
HIS 359 - American Environmental History,3 credit(s).
HIS 367 - The 20th Century World in Conflict,3 credit(s).
HIS 376 - Alexander the Great and the Hellenistic Age,3 credit(s).
HIS 378 - Early China,3 credit(s).
HIS 398 - Special Topics in History,3 credit(s).
HIS 409 - Ethnic Groups and Ethnic Conflict: An International Perspective,3 credit(s).
HIS 485 - Seminar in History,3 credit(s).
HIS 490 - Social Science — Secondary School,3 credit(s).
HIS 494 - Student Teaching — History,9 credit(s).
HIS 496 - Student Teaching Seminar — History,3 credit(s).
HIS 497 - History Internship,1 to 12 credit(s).
HIS 498 - Special Topics in History,3 credit(s).
HIS 499 - Independent Study,1 to 3 credit(s).
HLS 100 - Introduction to Healthcare Professions,3 credit(s).
HLS 101 - Essentials of Medical Terminology,1 credit(s).
HLS 120 - Skills for Becoming a Certified Nurse Aid,5 credit(s).
HLS 150 - Introduction to Aging Studies,3 credit(s).
HLS 180 - Introduction to Research and Writing in Healthcare,1 credit(s).
HLS 210 - Principles of Patient Centered Healthcare,3 credit(s).
HLS 220 - Healthcare Communication,3 credit(s).
HLS 230 - Introduction to Clinical Trials,3 credit(s).
HLS 240 - Statistics for Health and Clinical Sciences,3 credit(s).
HLS 260 - Medical Terminology of Body Systems and Diseases,3 credit(s).
HLS 298 - Special Topics in Healthcare Studies,3 credit(s).
HLS 310 - Electronic Health Information,3 credit(s).
HLS 315 - Healthcare Systems & Policy,3 credit(s).
HLS 317 - Community Engagement in Health Research,3 credit(s).
HLS 330 - Case Studies in Healthcare Ethics,3 credit(s).
HLS 350 - Interventions and Support in Dementia Care,3 credit(s).
HLS 370 - Perspectives in LGBTQ+ Healthcare Practices,3 credit(s).
HLS 380 - Cultural Humility for the Healthcare Professional,3 credit(s).
HLS 410 - Medical Insurance and Billing,3 credit(s).
HLS 427 - Research Data Management,3 credit(s).
HLS 437 - Clinical Trial Administration and Good Clinical Practice,3 credit(s).
HLS 440 - Research Methods for Evidence- Based Healthcare,3 credit(s).
HLS 450 - Organization of Long-Term Care Facilities,3 credit(s).
HLS 490 - Career Skills for the Healthcare Professional,3 credit(s).
HLS 497 - Internship in Healthcare Studies,3 credit(s).
HLS 499 - Independent Study,1 to 3 credit(s).
HMS 131 - Teaching Aquatics,.5 credit(s).
HMS 158 - Athletic Training Professional Practice,1 credit(s).
HMS 160 - Introduction to Exercise and Sport Science,3 credit(s).
HMS 191 - Introduction to Teaching Physical Education,1.5 credit(s).
HMS 201 - Foundations in Scientific Writing,3 credit(s).
HMS 204 - Field Experience in Group Exercise Instruction,1 credit(s).
HMS 212 - Lifetime Physical Activity,3 credit(s).
HMS 280 - Survey of Anatomy and Physiology,3 credit(s).
HMS 281 - Anatomy and Physiology I,3 credit(s).
HMS 282 - Anatomy and Physiology II,3 credit(s).
HMS 283 - Functional Anatomy,3 credit(s).
HMS 291 - Exploring the Teaching of Physical Education,3 credit(s).
HMS 292 - Instructional Strategies for Physical Education,3 credit(s).
HMS 293 - Movement Foundations,3 credit(s).
HMS 301 - Exercise and Sport Nutrition,3 credit(s).
HMS 313 - Teaching Skill Themes and Movement Concepts,.5 credit(s).
HMS 314 - Teaching Individual Performance Activitites,.5 credit(s).
HMS 315 - Teaching Outdoor Pursuits and Adventure Education in PE,.5 credit(s).
HMS 316 - Physical Activity Promotion and Advocacy,.5 credit(s).
HMS 319 - Health and Safety for Coaches,3 credit(s).
HMS 350 - Teaching Physical Fitness K-12,3 credit(s).
"HMS 352 - Skill and Strategy of Target, Striking/Fielding, Net/Wall Games",3 credit(s).
"HMS 370 - Coaching Individual, Dual and Team Sports",3 credit(s).
HMS 380 - Sport Psychology,3 credit(s).
HMS 383 - Biomechanics of Sport and Exercise,3 credit(s).
HMS 384 - Exercise Physiology,3 credit(s).
HMS 387 - Standard First Aid and Personal Safety,1 credit(s).
HMS 389 - Exercise Physiology II,3 credit(s).
HMS 392 - Conditioning for Strength and Human Performance,3 credit(s).
HMS 394 - Physical Education (Elementary School),4 credit(s).
HMS 400 - Skill and Strategy of Invasion Games,3 credit(s).
HMS 401 - Exercise for Diverse Populations,3 credit(s).
HMS 411 - General Medical Perspectives,3 credit(s).
HMS 413 - Functional Anatomy and Clinical Kinesiology,3 credit(s).
HMS 421 - Organization and Administration in Exercise and Sport Science,3 credit(s).
HMS 442 - Practicum Seminar in Physical Education,3 credit(s).
HMS 452 - Elementary Physical Education Student Teaching,5.5 credit(s).
HMS 453 - Secondary Physical Education Student Teaching,5.5 credit(s).
HMS 455 - Sport Science and Performance Technology,3 credit(s).
HMS 480 - Motor Learning and Development,3 credit(s).
HMS 483 - Adapted Physical Education,3 credit(s).
HMS 485 - Measurement and Statistics in Exercise Science,3 credit(s).
HMS 488 - Exercise Testing and Prescription,4 credit(s).
HMS 495 - Physical Education (Secondary School),4 credit(s).
HMS 496 - Sport in American Culture,3 credit(s).
HMS 497 - Exercise and Sport Science Internship,6 credit(s).
HMS 499 - Independent Study,.5 to 3 credit(s).
HON 100 - First-Year leadership Colloquium,1 credit(s).
HON 102 - First Year Research Colloquium,1 credit(s).
HON 150 - Introduction to Critical Inquiry,3 credit(s).
HON 200 - Conceptions of Self and Identity Seminar,2 credit(s).
HON 201 - Conceptions of Self and Identity Plenary Session,1 credit(s).
HON 202 - Conceptions of Community and Context Seminar,2 credit(s).
HON 203 - Conceptions of Community and Context Plenary Session,1 credit(s).
HON 210 - The Idea of Self: The Ancient World,3 credit(s).
HON 250 - The City in Western Civilization.,3 credit(s).
HON 254 - Utopias and Dystopias,3 credit(s).
HON 255 - Ambiguity and Uncertainty in the Arts and,3 credit(s).
HON 270 - Scientific Investigation and Civic Engagement,3 credit(s).
HON 290 - The Language of Art,3 credit(s).
HON 300 - Introduction to Service Learning,3 credit(s).
HON 350 - Research Seminar,3 credit(s).
HON 398 - Special Topics in Honors,3 credit(s).
HON 400 - Research Colloquium,1 credit(s).
HON 450 - International Study Foundations,3 credit(s).
HON 460 - Community-Engaged Research I,3 credit(s).
HON 461 - Community-Engaged Research II,3 credit(s).
HON 494 - Honors Prospectus,3 credit(s).
HON 495 - Honors Thesis,3 credit(s).
HON 498 - Special Topics in Honors,3 credit(s).
HON 499 - Independent Study,.5 to 3 credit(s).
HSC 200 - Health Professions and Medical Terminology,3 credit(s).
HSC 411 - Pathophysiology and Pharmacology,3 credit(s).
HSC 421 - Interprofessional Healthcare Practice,3 credit(s).
HSC 450 - Principles of Medical Documentation,3 credit(s).
IDS 311 - Research Methods in Interdisciplinary Studies,3 credit(s).
IDS 320 - Human Flourishing in the 21st Century,3 credit(s).
IDS 321 - Career Pathways in Interdisciplinary Studies,1 credit(s).
IDS 401 - Interdisciplinary Investigations of Globalization,3 credit(s).
IDS 405 - In a World: A Gamified Capstone Experience,3 credit(s).
IDS 499 - Independent Study,1 to 3 credit(s).
ILS 300 - Literature for Children,3 credit(s).
ILS 302 - Library - Information Service,3 credit(s).
ILS 320 - Technical Services,3 credit(s).
ILS 330 - User Services,3 credit(s).
ILS 360 - Data Literacy and Presentation,3 credit(s).
ILS 400 - Library - Information Service Practice,3 credit(s).
ILS 421 - Organization of the Information Center,3 credit(s).
ILS 425 - Library - Information Sources,3 credit(s).
ILS 440 - Information Service Technology,3 credit(s).
INQ 101 - Intellectual and Creative Inquiry,3 credit(s).
INQ 120 - The RISE Workshop,1 credit(s).
INQ 390 - Peer Mentoring in the First-Year Classroom,3 credit(s).
INQ 391 - Peer Mentoring Practicum,3 credit(s).
ITA 100 - Italian I,3 credit(s).
ITA 101 - Italian II,3 credit(s).
ITA 200 - Italian III,3 credit(s).
ITA 202 - Italian Language and Culture for Pleasure,3 credit(s).
ITA 204 - Made in Italy: Italian Language and Culture for a GlobalSociety,3 credit(s).
ITA 206 - Italian Culture in Italy,3 credit(s).
ITA 220 - Italian Food Culture in Italy and America,3 credit(s).
ITA 250 - Italians in America,3 credit(s).
ITA 270 - Italian Cities,3 credit(s).
ITA 400 - Italian Literature I,3 credit(s).
ITA 484 - Italian Theater,3 credit(s).
ITA 487 - Short Story,3 credit(s).
ITA 490 - The Modern Novel,3 credit(s).
ITA 498 - Special Topics in Italian,3 credit(s).
ITA 499 - Directed Reading,1 to 3 credit(s).
JRN 101 - The Media: Freedom and Power,3 credit(s).
JRN 135 - Digital Media Skills,3 credit(s).
JRN 170 - Basic Drone Technology,3 credit(s).
JRN 200 - Basics of Journalism,3 credit(s).
JRN 211 - Broadcast Sports Journalism,3 credit(s).
JRN 220 - Digital Reporting and Writing,3 credit(s).
JRN 226 - Sports Multimedia Reporting,3 credit(s).
JRN 227 - Audio and Video Storytelling,3 credit(s).
JRN 228 - Big Data Storytelling,3 credit(s).
JRN 230 - Fundamentals of Public Relations,3 credit(s).
JRN 240 - Race and the News,3 credit(s).
JRN 260 - Anthropology of Media,3 credit(s).
JRN 270 - Photojournalism and Drones,3 credit(s).
JRN 300 - News Writing,3 credit(s).
JRN 301 - The News Media in America,3 credit(s).
JRN 303 - Great Journalism,3 credit(s).
JRN 304 - Sports Reporting,3 credit(s).
JRN 305 - Precision Editing,3 credit(s).
JRN 306 - Digital News Design,3 credit(s).
JRN 311 - Broadcast News Reporting I,3 credit(s).
JRN 320 - Writing Magazine Articles I,3 credit(s).
JRN 330 - Advanced Integrated Public Relations,3 credit(s).
JRN 350 - American Journalism History,3 credit(s).
JRN 351 - Media Law and Ethics,3 credit(s).
JRN 370 - Drone Video Storytelling,3 credit(s).
JRN 410 - Broadcast News Reporting II,3 credit(s).
JRN 470 - Advanced Drone Storytelling,3 credit(s).
JRN 490 - Capstone Seminar in Journalism,3 credit(s).
JRN 497 - Journalism Internship,1 to 9 credit(s).
JST 101 - Jewish Life and Civilization,3 credit(s).
JST 110 - Narrating the Israeli-Palestinian Conflict,3 credit(s).
JST 118 - Making a More Just America: Judaic Texts and Teachings,3 credit(s).
JST 200 - Jewish Stories,3 credit(s).
JST 204 - Introduction to Holocaust and Genocide Studies,3 credit(s).
JST 207 - The Religious Dimension of Human Existence,3 credit(s).
JST 235 - The Holocaust,3 credit(s).
JST 237 - Modern Germany,3 credit(s).
JST 300 - Literature of the Hebrew Bible,3 credit(s).
JST 303 - The Israeli Short Story,3 credit(s).
JST 305 - Antisemitism,3 credit(s).
JST 336 - Nazi Germany,3 credit(s).
LAC 100 - Introduction to Latin American and Caribbean Studies,3 credit(s).
LAC 128 - Latin American History,3 credit(s).
LAT 101 - Latin II,3 credit(s).
LAT 200 - Latin III,3 credit(s).
LAT 499 - Independent Study,3 credit(s).
LIT 300 - Hebrew Bible as Literature,3 credit(s).
LIT 302 - Literature of the New Testament,3 credit(s).
LIT 310 - Mythology,3 credit(s).
LIT 328 - Literature of Medieval Europe,3 credit(s).
LIT 332 - Digital Literary Studies,3 credit(s).
LIT 352 - European Novel and Short Story 1900-1945,3 credit(s).
LIT 370 - Contemporary French Novel,3 credit(s).
LIT 371 - Voices of the Francophone Caribbean,3 credit(s).
LIT 376 - Italian Cinema,3 credit(s).
LIT 382 - Contemporary Latin American Literature,3 credit(s).
LIT 406 - Classical Drama,3 credit(s).
LIT 430 - Modern World Drama: Ibsen to O’Neill,3 credit(s).
LIT 431 - Contemporary Drama: Brecht to the Present,3 credit(s).
LIT 488 - Seminar in World Literature,3 credit(s).
LIT 499 - Independent Study,3 credit(s).
MAR 140 - The World Ocean,3 credit(s).
MAR 210 - Coastal Marine Studies,4 credit(s).
MAR 250 - Coastal and Marine Pollution,3 credit(s).
MAR 270 - Aquaculture I,4 credit(s).
MAR 280 - Aquaculture II,4 credit(s).
MAR 340 - Coastal Processes and Environments,3 credit(s).
MAR 398 - Special Topics in Marine Studies,3 credit(s).
MAR 460 - Field and Laboratory Techniques in Marine Studies,4 credit(s).
MAR 499 - Independent Study and Research,1 to 3 credit(s).
MAT 095 - Introductory and Intermediate Algebra Support,0 credit(s).
MAT 100 - Intermediate Algebra,3 credit(s).
MAT 100P - Introductory and Intermediate Algebra,3 credit(s).
MAT 103 - Mathematics for Liberal Arts,3 credit(s).
MAT 104 - Mathematics All Around Us,3 credit(s).
MAT 105 - Mathematics for Elementary Education I,3 credit(s).
MAT 106 - Mathematics for Elementary Education II,3 credit(s).
MAT 107 - Elementary Statistics,3 credit(s).
MAT 108 - Mathematics for the Natural Sciences,3 credit(s).
MAT 111 - Extended Algebra for Business and Science,4 credit(s).
MAT 112 - Algebra for Business and the Sciences,3 credit(s).
MAT 115 - Introduction to Modern Mathematics,3 credit(s).
MAT 120 - College Algebra,3 credit(s).
MAT 122 - Precalculus,4 credit(s).
MAT 125 - Applied Business Mathematics,3 credit(s).
MAT 140 - Computational Tools for Mathematics and the Sciences,3 credit(s).
MAT 150 - Calculus I,4 credit(s).
MAT 151 - Calculus II,4 credit(s).
MAT 178 - Elementary Discrete Mathematics,3 credit(s).
MAT 207 - Mathematics for Elementary Education III,3 credit(s).
MAT 210 - Analysis of Election Structures,3 credit(s).
MAT 221 - Intermediate Applied Statistics,4 credit(s).
MAT 245 - Differential Equations,3 credit(s).
MAT 250 - Foundations of Mathematics,4 credit(s).
MAT 252 - Calculus III,4 credit(s).
MAT 260 - Geometry and the Arts,3 credit(s).
MAT 300 - History of Mathematics,3 credit(s).
MAT 320 - Mathematical Statistics I,3 credit(s).
MAT 321 - Mathematical Statistics II,3 credit(s).
MAT 322 - Numerical Analysis I,4 credit(s).
MAT 326 - Regression Analysis,3 credit(s).
MAT 328 - Time Series Analysis,3 credit(s).
MAT 329 - Bayesian Analysis and Decision Making,3 credit(s).
MAT 360 - Foundations of Geometry,3 credit(s).
MAT 372 - Linear Algebra,3 credit(s).
MAT 373 - Modern Algebra,4 credit(s).
MAT 375 - Abstract Algebra I,3 credit(s).
MAT 378 - Discrete Mathematics,3 credit(s).
MAT 405 - Elementary Mathematics from an Advanced Standpoint,3 credit(s).
MAT 408 - Technology for Teaching Secondary Mathematics,3 credit(s).
MAT 428 - Mathematical Foundations in Machine Learning,3 credit(s).
MAT 429 - Modern Nonparametric Statistics,3 credit(s).
MAT 450 - Analysis,3 credit(s).
MAT 480 - Topology,3 credit(s).
MAT 488 - Seminar in Mathematical Modeling,3 credit(s).
MAT 490 - Teaching Mathematics in the Secondary School,3 credit(s).
MAT 491 - Mathematics Capstone I,1 credit(s).
MAT 492 - Mathematics Capstone II,3 credit(s).
MAT 494 - Student Teaching — Mathematics,9 credit(s).
MAT 496 - Student Teaching Seminar,3 credit(s).
MAT 497 - Internship,1 to 6 credit(s).
MAT 499 - Independent Study,1 to 4 credit(s).
MGT 100 - Introduction to Business,3 credit(s).
MGT 200 - Managerial Communication,3 credit(s).
MGT 202 - Introduction to Conscious Capitalism,3 credit(s).
MGT 240 - Business Law and Ethics,3 credit(s).
MGT 285 - Management and Organization,3 credit(s).
MGT 301 - Entrepreneurship and Small Business Development,3 credit(s).
MGT 305 - Organizational Behavior,3 credit(s).
MGT 306 - Ocean and Blue Innovations,3 credit(s).
"MGT 315 - Gender, Leadership & Management",3 credit(s).
MGT 335 - Business Law,3 credit(s).
MGT 345 - Real Estate Law,3 credit(s).
MGT 361 - Operations Management,3 credit(s).
MGT 385 - Human Resources Management,3 credit(s).
MGT 390 - Intellectual Property Law,3 credit(s).
MGT 395 - Technology Entrepreneurship,3 credit(s).
MGT 400 - Business and Society,3 credit(s).
MGT 402 - Managing Diversity,3 credit(s).
MGT 405 - Employment & Labor Relations Law,3 credit(s).
MGT 415 - Developing Team Managerial Skills,3 credit(s).
"MGT 425 - Managing for People, Planet, and Profit",3 credit(s).
MGT 430 - Management of Multinational Corporations,3 credit(s).
MGT 440 - Mindful Leadership,3 credit(s).
MGT 450 - Business Policy and Strategy Seminar,3 credit(s).
MGT 460 - International Business,3 credit(s).
MGT 473 - Employee Training and Development,3 credit(s).
MGT 474 - Compensation and Benefit Management,3 credit(s).
MGT 476 - Strategic Staffing,3 credit(s).
MGT 497 - Internship,3 credit(s).
MGT 499 - Independent Study,1 to 3 credit(s).
"MKT 100 - Consumption, Markets, and Culture",3 credit(s).
MKT 200 - Principles of Marketing,3 credit(s).
MKT 201 - Introduction to Market Data Analytics,3 credit(s).
MKT 297 - Women's Leadership Seminar,1 credit(s).
MKT 298 - Special Topics in Marketing,1 to 3 credit(s).
MKT 301 - Quantitative Research in Marketing,3 credit(s).
MKT 321 - Consumer Behavior,3 credit(s).
MKT 326 - Pricing Strategies,3 credit(s).
MKT 327 - Marketing Management,3 credit(s).
MKT 330 - Retail Management,3 credit(s).
MKT 331 - Principles of Advertising,3 credit(s).
MKT 332 - Marketing Communication,3 credit(s).
MKT 334 - Professional Selling,3 credit(s).
MKT 335 - Business to Business Marketing,3 credit(s).
MKT 336 - Sales Management,3 credit(s).
MKT 338 - Services Marketing,3 credit(s).
MKT 341 - Digital Marketing,3 credit(s).
MKT 342 - Social Media Marketing,3 credit(s).
MKT 343 - Digital Marketing Analytics,3 credit(s).
MKT 344 - Tourism Destination Marketing,3 credit(s).
MKT 345 - Brand Strategy in Marketing,3 credit(s).
MKT 351 - Communication Strategies in UtilityLeadership,1.5 credit(s).
MKT 352 - Customer Services in Utility Leadership,1.5 credit(s).
MKT 398 - Special Topics in Marketing,3 credit(s).
MKT 410 - Product and Marketing Planning,3 credit(s).
MKT 420 - Global Marketing,3 credit(s).
MKT 425 - Marketing Research,3 credit(s).
MKT 450 - Strategic Marketing,3 credit(s).
MKT 497 - Internship,1 to 3 credit(s).
MKT 499 - Independent Study,1 to 3 credit(s).
MUS 102 - University Choir,1 credit(s).
MUS 104 - University Band I,1 credit(s).
MUS 105 - University Band II,1 credit(s).
MUS 110 - Music History of the Western World,3 credit(s).
MUS 111 - Experiencing the Arts,3 credit(s).
MUS 115 - Music in World Culture,3 credit(s).
MUS 117 - Introduction to Music Technology,3 credit(s).
MUS 141 - Applied Music,.5 credit(s).
MUS 142 - Applied Music,.5 credit(s).
MUS 171 - Chamber Singers,1 credit(s).
MUS 200 - Small Ensembles,1 credit(s).
MUS 201 - Small Ensembles,1 credit(s).
MUS 202 - Small Ensembles,1 credit(s).
MUS 203 - Small Ensembles,1 credit(s).
MUS 204 - Small Ensembles,1 credit(s).
MUS 205 - Small Ensembles,1 credit(s).
MUS 206 - Small Ensembles,1 credit(s).
MUS 207 - Small Ensembles,1 credit(s).
MUS 210 - Music History I,3 credit(s).
MUS 211 - Music History II,3 credit(s).
MUS 220 - Musicianship I,2 credit(s).
MUS 221 - Musicianship II,2 credit(s).
MUS 225 - Music Theory I,3 credit(s).
MUS 226 - Music Theory II,3 credit(s).
MUS 230 - Introduction to Musical Improvisation,3 credit(s).
MUS 235 - Guitar I,3 credit(s).
MUS 237 - Fundamentals of Piano I,3 credit(s).
MUS 241 - Applied Music,.5 credit(s).
MUS 242 - Applied Music,.5 credit(s).
MUS 300 - Beethoven and Revolution,3 credit(s).
MUS 301 - American Music,3 credit(s).
MUS 303 - In Search of Mozart,3 credit(s).
MUS 311 - Jazz History,3 credit(s).
MUS 320 - Musicianship III,2 credit(s).
MUS 321 - Musicianship IV,2 credit(s).
MUS 325 - Music Theory III,3 credit(s).
MUS 326 - Music Theory IV,3 credit(s).
MUS 330 - Improvisation in Contemporary Music Culture,3 credit(s).
MUS 341 - Applied Music,.5 credit(s).
MUS 342 - Applied Music,.5 credit(s).
MUS 398 - Special Topics in Music,3 credit(s).
MUS 400 - Solo or Chamber Recital,1 credit(s).
MUS 420 - Improvisation I,2 credit(s).
MUS 421 - Improvisation II,2 credit(s).
MUS 426 - Arranging,2 credit(s).
MUS 428 - Electronic Music,3 credit(s).
MUS 429 - Producing Music for Visual Media,3 credit(s).
"MUS 430 - Advanced Audio Recording, Editing, and Sound Manipulation",3 credit(s).
MUS 441 - Applied Music,.5 credit(s).
MUS 442 - Applied Music,.5 credit(s).
MUS 465 - Entrepreneurship for Musicians,3 credit(s).
MUS 490 - Music Technology in the Classroom,3 credit(s).
MUS 499 - Independent Study,1 to 3 credit(s).
MUT 100 - Introduction to Music Therapy,3 credit(s).
MUT 200 - Receptive Methods in Music Therapy,2 credit(s).
MUT 250 - Compositional Methods in Music Therapy,2 credit(s).
MUT 300 - Clinical Improvisation in Music Therapy,2 credit(s).
MUT 325 - Professional Topics in Music Therapy - Ethics & Cultural Humility,3 credit(s).
MUT 341 - Practicum in Music Therapy I,1 credit(s).
MUT 342 - Practicum in Music Therapy II,1 credit(s).
MUT 343 - Practicum in Music Therapy III,1 credit(s).
MUT 350 - Multiculturalism in Music Therapy,3 credit(s).
MUT 400 - Psychology of Music,3 credit(s).
MUT 435 - Theoretical Foundations of Music Therapy,3 credit(s).
MUT 497 - Internship in Music Therapy,6 credit(s).
MUT 499 - Independent Study,1 to 6 credit(s).
NUR 340 - Transition to Professional Practice,3 credit(s).
NUR 341 - Health Assessment in Nursing,3 credit(s).
NUR 342 - Evidence-Based Nursing Interventions,3 credit(s).
NUR 343 - Integrated Pathophysiology and Pharmacology I,3 credit(s).
NUR 344 - Care of the Older Adult,3 credit(s).
NUR 350 - Clinical Application of Nutrition,2 credit(s).
NUR 351 - Evidence-Based Practice for Nurses,2 credit(s).
NUR 352 - Adult Health I,5 credit(s).
NUR 353 - Integrated Pathophysiology and Pharmacology II,3 credit(s).
NUR 354 - Mental Health Nursing,3 credit(s).
NUR 355 - Evidence-Based Nursing Interventions Lab,1 credit(s).
NUR 420 - Guided Imagery in Nursing Practice,1 credit(s).
NUR 421 - Spirituality and Nursing Assessment,1 credit(s).
NUR 422 - Interpersonal Violence and the Critical Role of the Nurse,1 credit(s).
NUR 423 - Transcultural Issues in Nursing,1 credit(s).
NUR 425 - Palliative and End-of-Life Care Colloquium,1 credit(s).
NUR 426 - The Mind’s Role in Illnesses: Application to Nursing Practice,1 credit(s).
NUR 428 - Legal Issues in Nursing,1 credit(s).
NUR 429 - Cultural Perspectives of Breastfeeding and NursingInterventions,1 credit(s).
NUR 430 - The Childbearing Family,3 credit(s).
NUR 431 - The Childrearing Family (Pediatrics),3 credit(s).
NUR 432 - Adult Health II,5 credit(s).
NUR 434 - Introduction to Perioperative Nursing I,1 credit(s).
NUR 435 - Introduction to Perioperative Nursing II,1 credit(s).
NUR 436 - Introduction to Critical Care Nursing,1 credit(s).
NUR 442 - Public Health Nursing: Caring for Populations and Communities,3 credit(s).
NUR 443 - Nursing Capstone,5 credit(s).
NUR 444 - Leadership and Management in Contemporary Nursing Practice,3 credit(s).
NUR 457 - Contemporary Health Care Issues Across the Lifespan,3 credit(s).
NUR 459 - Leadership and Management in Contemporary Nursing Practice,3 credit(s).
NUR 460 - Understanding Theory to Guide Nursing Practice,3 credit(s).
NUR 462 - Health Assessment for RN-BSN Students,3 credit(s).
NUR 463 - Concepts of Community Health Nursing,3 credit(s).
NUR 467 - Care Across the Continuum for Special Populations,3 credit(s).
NUR 468 - Promoting Health and Wellness Across  the Lifespan,3 credit(s).
NUR 469 - Principles of Quality and Safety to Promote Safety in Healthcare,3 credit(s).
NUR 470 - Optimal Clinical Outcomes Through Evidence-Based Practicein Nursing,3 credit(s).
NUR 498 - Special Topics in Nursing,1 to 3 credit(s).
NUR 499 - Independent Study,1 to 3 credit(s).
PCH 200 - Introduction to Nutrition,3 credit(s).
PCH 201 - Wellness,3 credit(s).
PCH 202 - Introduction to Public Health,3 credit(s).
PCH 204 - Nutrition and Healthy Cooking,3 credit(s).
PCH 205 - Principles of Meal Management,3 credit(s).
PCH 230 - Foundations in Health Coaching,3 credit(s).
PCH 259 - Environmental Health,3 credit(s).
PCH 265 - Illness and Disease,3 credit(s).
PCH 270 - Stress Management,3 credit(s).
PCH 273 - Weight Management,3 credit(s).
PCH 275 - Introduction to Health Promotion,3 credit(s).
PCH 280 - Human Sexuality,3 credit(s).
PCH 292 - Health and Aging,3 credit(s).
PCH 306 - Diet and Nutritional Therapy,3 credit(s).
PCH 320 - Health Disparities and Social Justice,3 credit(s).
PCH 330 - Coaching for Health Improvement,3 credit(s).
PCH 331 - Health Coaching Leadership & Ethics,3 credit(s).
PCH 340 - Public Health Research,3 credit(s).
PCH 342 - Introduction to Epidemiology,3 credit(s).
"PCH 348 - Death, Dying, and Bereavement",3 credit(s).
PCH 349 - Men’s Health,3 credit(s).
PCH 350 - Women’s Health,3 credit(s).
PCH 351 - Health in Society,3 credit(s).
"PCH 352 - Health, Disease and Culture",3 credit(s).
PCH 353 - Global Health,3 credit(s).
PCH 356 - Maternal and Child Health,3 credit(s).
PCH 358 - Health Policy,3 credit(s).
PCH 360 - Community Nutrition,3 credit(s).
PCH 362 - Public Health Management,3 credit(s).
PCH 371 - Food Systems and Food Justice,3 credit(s).
PCH 398 - Special Topics in Public Health,3 credit(s).
PCH 440 - Food Hygiene,3 credit(s).
PCH 441 - Water Supply and Waste-Water Treatment,3 credit(s).
PCH 456 - Health Promotion Strategies,3 credit(s).
PCH 457 - Public Health Communication,3 credit(s).
PCH 458 - Program Planning,3 credit(s).
PCH 496 - Practicum in Health Coaching,3 credit(s).
PCH 497 - Public Health Internship,6 credit(s).
PCH 498 - Advanced Special Topics in Public Health,1 to 3 credit(s).
PCH 499 - Independent Study,1 to 6 credit(s).
PHI 100 - Introduction to Philosophy,3 credit(s).
PHI 117 - Ethics of Emerging Technologies,3 credit(s).
"PHI 125 - Anger, Revenge, and Forgiveness",3 credit(s).
PHI 203 - Ethics of Sustainability and the Environment,3 credit(s).
PHI 207 - Faith and Philosophy,3 credit(s).
PHI 211 - Asian Philosophy: India,3 credit(s).
PHI 212 - Asian Philosophy: China and Japan,3 credit(s).
PHI 215 - Logic: Legal and Scientific Reasoning,3 or 4 credit(s).
"PHI 217 - Sex, Love, and Friendship",3 credit(s).
PHI 218 - Fun and Games,3 credit(s).
"PHI 219 - Race, Ethnicity, and Immigration",3 credit(s).
PHI 220 - Ethics: Know Thyself,3 credit(s).
PHI 222 - The Creative Process,3 credit(s).
PHI 242 - Death and the Meaning of Life,3 credit(s).
PHI 270 - Philosophy of Education,3 credit(s).
PHI 272 - Ethics of Policing and Criminal Justice,3 credit(s).
PHI 296 - Ancient Philosophy: Pre-Socratics to Plotinus,3 credit(s).
PHI 297 - Medieval and Renaissance Philosophy: Augustine to Machiavelli,3 credit(s).
PHI 298 - Special Topics in Philosophy,3 credit(s).
PHI 300 - Human Rights and Human Wrongs,3 credit(s).
PHI 306 - The Age of Reason: Galileo to Kant,3 credit(s).
PHI 307 - 19th Century Philosophy: Fichte to Bradley,3 credit(s).
PHI 309 - Women and Religion: The Old and New Eve,3 credit(s).
"PHI 310 - Women, Philosophy, and Science",3 credit(s).
PHI 321 - Philosophy of Science,3 credit(s).
PHI 323 - Ethical Individualism,3 credit(s).
PHI 324 - Computer Ethics,3 credit(s).
PHI 325 - Bio-Ethics of the Life Sciences,3 credit(s).
PHI 327 - Moral Problems in the Law,3 credit(s).
PHI 408 - Phenomenology and Existentialism,3 credit(s).
PHI 480 - 20th Century Analytic Philosophy,3 credit(s).
PHI 490 - Philosophy Seminar,3 credit(s).
PHI 499 - Independent Study,1 to 3 credit(s).
PHY 100 - Physics through Inquiry,3 credit(s).
PHY 103 - Physics and Technology for Healthcare Professionals,3 credit(s).
PHY 120 - Physics for Tomorrow: Nanotechnology,3 credit(s).
PHY 123 - Critical Thinking and Science for Future Leaders,3 credit(s).
PHY 200 - General Physics I,4 credit(s).
PHY 201 - General Physics II,4 credit(s).
PHY 230 - Physics for Scientists and Engineers I,4 credit(s).
PHY 231 - Physics for Scientists and Engineers II,4 credit(s).
PHY 309 - Modern Physics,3 credit(s).
PHY 355 - Electricity and Electronics,4 credit(s).
PHY 370 - Modern Physics Laboratory,2 credit(s).
PHY 400 - Classical Mechanics I,3 credit(s).
PHY 401 - Classical Mechanics II,3 credit(s).
PHY 405 - Scientific Computer Interfacing,3 credit(s).
PHY 406 - Electricity and Magnetism,3 credit(s).
PHY 410 - Optics,3 credit(s).
PHY 411 - Optics Laboratory,1 credit(s).
PHY 415 - Solid State Physics,3 credit(s).
PHY 430 - Thermodynamics,3 credit(s).
PHY 440 - Introduction to Quantum Mechanics,3 credit(s).
PHY 461 - Methods in Physics Research,2 credit(s).
PHY 471 - Capstone Experience in Physics,3 credit(s).
PHY 499 - Independent Study and Research,1 to 4 credit(s).
POR 100 - Portuguese I,3 credit(s).
POR 101 - Portuguese II,3 credit(s).
POR 200 - Portuguese III,3 credit(s).
PSC 200 - Political Change and Conflict,3 credit(s).
PSC 220 - Grassroots Democracy: City and States,3 credit(s).
PSC 230 - War,3 credit(s).
PSC 240 - Introduction to Political Thought,3 credit(s).
PSC 260 - U.S. Government,3 credit(s).
PSC 270 - International Relations,3 credit(s).
PSC 301 - Russian Politics and Government,3 credit(s).
PSC 304 - Japan and Other Developed Countries in Asia,3 credit(s).
PSC 305 - Political Economy of Development,3 credit(s).
PSC 307 - Middle East Politics,3 credit(s).
PSC 308 - Latin American Politics,3 credit(s).
PSC 310 - Comparative Public Policy,3 credit(s).
PSC 311 - European Politics,3 credit(s).
PSC 314 - Urban Politics,3 credit(s).
PSC 317 - U.S.-Latin American Relations,3 credit(s).
PSC 321 - The U.S. Legal System,3 credit(s).
PSC 322 - U.S. Political Parties and Elections,3 credit(s).
PSC 326 - Race and Ethnicity in American Politics,3 credit(s).
PSC 328 - State and Local Government,3 credit(s).
PSC 333 - Latin American Security,3 credit(s).
PSC 335 - Global Politics,3 credit(s).
PSC 336 - The U.S. in World Affairs,3 credit(s).
PSC 338 - Contemporary World Politics,3 credit(s).
PSC 340 - Political Thought I: Classical and Medieval Eras,3 credit(s).
PSC 342 - Political Thought II: Modern Era,3 credit(s).
PSC 344 - Political Thought III: Contemporary Era,3 credit(s).
PSC 346 - Marxism,3 credit(s).
PSC 348 - Western Political Thought,3 credit(s).
PSC 350 - Public Leadership,3 credit(s).
PSC 351 - Public Policy Analysis,3 credit(s).
PSC 356 - Politics and Administration in Connecticut,3 credit(s).
PSC 359 - Seminar in Legal Topics,1 credit(s).
PSC 360 - Presidential Politics,3 credit(s).
PSC 365 - Research Methods in Political Science,3 credit(s).
PSC 367 - Quantitative Analysis of Political Data,3 credit(s).
PSC 370 - Public and Nonprofit Management,3 credit(s).
PSC 381 - Campaign Management,3 credit(s).
PSC 398 - Special Topics in Political Science,1 to 3 credit(s).
PSC 417 - Constitutional Law,3 credit(s).
PSC 435 - Modern War,3 credit(s).
PSC 475 - Capstone Seminar,3 credit(s).
PSC 496 - Campaign Management Internship,3 to 6 credit(s).
PSC 497 - Political Science Internship,3 to 15 credit(s).
PSC 499 - Independent Study,3 to 6 credit(s).
PSY 100 - Introduction to Psychology,3 credit(s).
PSY 197 - Research Internship,1 to 3 credit(s).
PSY 210 - Infant and Child Development,3 credit(s).
PSY 215 - Adolescent Development,3 credit(s).
PSY 219 - Lifespan Development,3 credit(s).
PSY 220 - Introduction to the Mental Health Field,3 credit(s).
PSY 227 - Social Psychology,3 credit(s).
PSY 228 - Personality,3 credit(s).
PSY 259 - Statistics in Psychology,3 credit(s).
PSY 300 - The Psychology Major: Curriculum and Careers,1 credit(s).
PSY 303 - Perception,3 credit(s).
PSY 306 - Understanding Intelligence: A Capstone Seminar,3 credit(s).
PSY 307 - Motivation and Self-Regulation,3 credit(s).
PSY 308 - Psychology of Social Bias,3 credit(s).
PSY 311 - Learning,3 credit(s).
PSY 313 - Cognition,3 credit(s).
PSY 318 - Emotional and Social Development,3 credit(s).
PSY 320 - Abnormal Child Psychology,3 credit(s).
PSY 321 - Abnormal Psychology,3 credit(s).
PSY 322 - Early Developmental Disability,3 credit(s).
PSY 332 - Human Emotions,3 credit(s).
PSY 333 - Mysteries and Science of Sleep,3 credit(s).
PSY 361 - Psychology of the Workplace,3 credit(s).
PSY 366 - Health Psychology,3 credit(s).
PSY 370 - Educational Psychology,3 credit(s).
PSY 383 - Brain and Behavior,3 credit(s).
PSY 393 - Research Methods in Psychology,4 credit(s).
PSY 401 - Seminar in History and Systems of Psychology,3 credit(s).
PSY 402 - Seminar in Community Psychology,3 credit(s).
PSY 406 - Language,3 credit(s).
PSY 412 - Psychology of Women,3 credit(s).
PSY 414 - Psychology of Spirituality,3 credit(s).
PSY 415 - Topics in Development,3 credit(s).
PSY 427 - Seminar in Close Relationships,3 credit(s).
PSY 431 - Tests and Measurements,3 credit(s).
PSY 461 - Data Gathering Techniques: Assessment,4 credit(s).
PSY 463 - Field Practicum in Psychological Research,3 credit(s).
PSY 465 - Seminar in Psychological Counseling and Therapy,3 credit(s).
PSY 466 - Clinical Psychology,3 credit(s).
PSY 467 - Laboratory Practicum in Psychological Research,3 credit(s).
PSY 471 - Seminar in Psychological Services,3 credit(s).
PSY 472 - Field Practicum in Psychological Services I,3 to 6 credit(s).
PSY 473 - Field Practicum in Psychological Services II,3 to 6 credit(s).
PSY 474 - Seminar in Behavior Theory and Practice,3 credit(s).
PSY 484 - Comparative Animal Behavior,3 credit(s).
PSY 487 - Psychopharmacology,3 credit(s).
PSY 490 - Seminar for Psychology Majors,3 credit(s).
PSY 492 - Psychology and Law,3 credit(s).
PSY 494 - Seminar in the Human Nervous System and Behavior,3 credit(s).
PSY 499 - Independent Study,1 to 4 credit(s).
RDG 470 - Literacy in the Content Areas,1.5 credit(s).
REC 100 - Introduction to Recreation and Leisure Services,3 credit(s).
REC 105 - Introduction to Outdoor Adventure Activities,1 credit(s).
REC 110 - Hiking and Backpacking,2 credit(s).
REC 120 - Leadership Development,3 credit(s).
REC 202 - Methods and Materials: Birth to Five,3 credit(s).
REC 210 - Activity Development and Leadership,3 credit(s).
REC 220 - Inclusive Recreation,3 credit(s).
REC 231 - Foundations of Therapeutic Recreation,3 credit(s).
REC 239 - Foundations of Outdoor Recreation,3 credit(s).
REC 241 - Outdoor Adventure Leadership,3 credit(s).
REC 250 - Leadership and Professional Development in Recreation and Sport Management,3 credit(s).
REC 251 - Recreation and Youth Development,3 credit(s).
REC 288 - Introduction to Animal Assisted Interventions,3 credit(s).
REC 298 - Special Topics in Recreation and Leisure Studies,1 to 3 credit(s).
REC 300 - Practicum,3 credit(s).
REC 301 - Internship I,3 credit(s).
REC 303 - The Functional Interventions for Optimal Aging,3 credit(s).
REC 307 - Disabilities in Society,3 credit(s).
REC 311 - Introduction to Child Life Clinical Practice,3 credit(s).
REC 312 - Therapeutic Play,3 credit(s).
REC 314 - Medical Aspects of Therapeutic Recreation,3 credit(s).
REC 320 - Program Planning and Management,3 credit(s).
REC 321 - Advanced Techniques of Program Planning and Management,3 credit(s).
REC 331 - Therapeutic Recreation: Assessment and Individualized Programming,3 credit(s).
REC 352 - Park and Outdoor Recreation Areas,3 credit(s).
REC 359 - Golf Industry Management,3 credit(s).
REC 363 - Event Management,3 credit(s).
REC 381 - Leisure in Contemporary Society,3 credit(s).
REC 390 - Grant Writing,3 credit(s).
REC 391 - Interventions and Facilitation Techniques in Therapeutic Recreation,3 credit(s).
REC 400 - Internship II,6 credit(s).
REC 420 - Organization and Administration of Leisure,3 credit(s).
REC 425 - Seminar in Leadership,3 credit(s).
REC 431 - Current Practices in Therapeutic Recreation,3 credit(s).
REC 433 - Field Experience in Therapeutic Recreation,6 credit(s).
REC 441 - Design and Administration of Therapeutic Recreation Services,3 credit(s).
REC 460 - Professional Development Seminar in REC and SMT,1 credit(s).
REC 461 - Entrepreneurship in Leisure Services,3 credit(s).
REC 470 - Evaluation and Research,3 credit(s).
REC 480 - Philosophy of Recreation and Leisure,3 credit(s).
REC 499 - Independent Study,1 to 3 credit(s).
RSP 300 - Art of Breath,3 credit(s).
RSP 315 - Healthcare in the Age of Mass Media,3 credit(s).
RSP 325 - Dimensions of Healthcare Leadership,3 credit(s).
RSP 330 - Case Studies in Medical Ethics,3 credit(s).
RSP 340 - Principles of Care Coordination in Respiratory Disease Management,3 credit(s).
RSP 398 - ,3 credit(s).
"RSP 415 - Healthcare Systems, Policy, and Billing",3 credit(s).
RSP 420 - Neonatal-Pediatric Care,3 credit(s).
RSP 425 - Respiratory Care Education,3 credit(s).
RSP 440 - Evidenced Based Practice and Research in Respiratory Care,3 credit(s).
RSP 445 - Respiratory Care Seminar,3 credit(s).
RSP 455 - Clinical Practicum I,3 credit(s).
RUS 100 - Russian I,3 credit(s).
RUS 101 - Russian II,3 credit(s).
RUS 200 - Russian III,3 credit(s).
SCE 490 - Science Teaching (Secondary School),3 credit(s).
SCE 494 - Student Teaching (Science),11 credit(s).
SCE 496 - Student Teaching Seminar-Science,1 credit(s).
SED 100 - Elementary American Sign Language I,3 credit(s).
SED 105 - Elementary Sign Language II,3 credit(s).
SED 205 - American Sign Language III,3 credit(s).
SED 210 - Principles of Learning and Behavior,3 credit(s).
SED 225 - Introduction to Exceptionalities,3 credit(s).
SED 235 - Early Childhood Special Education for the Exceptional Individual,3 credit(s).
SED 250 - Data-Based Decision Making,3 credit(s).
SED 310 - Introduction to Assessment in ABA,3 credit(s).
SED 325 - Curriculum and Methods for Exceptional Individuals,3 credit(s).
SED 335 - Accommodating Individuals with Physical Disabilities and Other Health Impairments,3 credit(s).
SED 350 - Introduction to Intervention in ABA,3 credit(s).
SED 351 - Introduction to Behavior Analytic Practices,2 credit(s).
SED 355 - Educating Individuals with Moderate and Severe Disabilities,3 credit(s).
SED 365 - Basic Principles of Academic Assessment and Remediation for Exceptional Individuals,3 credit(s).
SED 375 - Classroom Management Techniques in Educational Settings,3 credit(s).
"SED 404 - Introduction to Program Implementation, Supervision andManagement",3 credit(s).
SED 405 - Introduction to ABA Ethics,1 credit(s).
SED 435 - Language Arts for Exceptional Individuals,3 credit(s).
SED 445 - Collaboration in the Schools,3 credit(s).
SED 449 - School Based Practicum in Special Education,3 credit(s).
SED 452 - Seminar in Reflective Practice,2 credit(s).
SED 499 - Independent Study,1.5 to 3 credit(s).
SHE 203 - School Health,3 credit(s).
SHE 301 - Drug Education,3 credit(s).
SHE 302 - Mental Health Education,3 credit(s).
SHE 389 - Holistic Health,3 credit(s).
SHE 402 - Topics in Youth Health & Well-Being,3 credit(s).
SHE 411 - Curriculum & Pedagogy in School Health,3 credit(s).
SMT 185 - Introduction to e-Sports,3 credit(s).
SMT 200 - Recreational Team Sports,3 credit(s).
SMT 207 - Adapted Sport,3 credit(s).
SMT 271 - Foundations of Sport Management,3 credit(s).
SMT 285 - e-Sports Promotion,3 credit(s).
"SMT 295 - The Digital Sport Industry: Fantasy Sports, Video Gaming,and eSports",3 credit(s).
SMT 301 - Internship I,3 credit(s).
SMT 351 - Facility Design and Management,3 credit(s).
SMT 354 - Sport Communication and Promotion,3 credit(s).
SMT 355 - Ethics in Sport Management,3 credit(s).
SMT 356 - Sport Marketing,3 credit(s).
SMT 357 - Legal Issues in Sport and Recreation,3 credit(s).
SMT 388 - Administration of Sport Organizations,3 credit(s).
SMT 401 - Internship II,6 credit(s).
SMT 451 - Intercollegiate Athletics,3 credit(s).
SMT 454 - International Sport Management and Governance,3 credit(s).
SMT 456 - Sport Finance,3 credit(s).
SMT 457 - Seminar: Contemporary Issues in Sport Management,3 credit(s).
SMT 465 - Sport Analytics,3 credit(s).
SOC 100 - Introduction to Sociology,3 credit(s).
SOC 102 - Critical Thinking: Exploring Social Issues,3 credit(s).
SOC 162 - Introduction to Criminology,3 credit(s).
SOC 201 - Social Statistics,3 credit(s).
SOC 211 - Social Problems in the U.S.,3 credit(s).
SOC 213 - Introduction to Racial  Intersectional Justice,3 credit(s).
SOC 216 - Men’s Studies,3 credit(s).
SOC 235 - Environmental Sociology,3 credit(s).
SOC 255 - Methods of Social Research,3 credit(s).
SOC 260 - Applied Social Theory,3 credit(s).
SOC 265 - Self and Society,3 credit(s).
SOC 266 - Socialization and Social Control,3 credit(s).
SOC 267 - Sociology of Sports,3 credit(s).
SOC 272 - Ethics of Policing and Criminal Justice,3 credit(s).
SOC 310 - Race and Racism,3 credit(s).
SOC 315 - Sociology of Gender,3 credit(s).
SOC 320 - Sociology of Children and Childhood,3 credit(s).
SOC 322 - Sociology of the Family,3 credit(s).
"SOC 334 - Probation, Parole, Pardon",3 credit(s).
SOC 338 - Juvenile Delinquency,3 credit(s).
SOC 344 - Medical Sociology,3 credit(s).
SOC 345 - Aging and the Aged,3 credit(s).
SOC 350 - Drugs and Society,3 credit(s).
SOC 352 - Contemporary Issues in Criminology and Criminal Justice,3 credit(s).
SOC 353 - Neighborhoods and Crime,3 credit(s).
SOC 361 - Urban Sociology,3 credit(s).
SOC 362 - Criminological Theory,3 credit(s).
SOC 363 - Social Inequality in the U.S.,3 credit(s).
SOC 366 - Penology,3 credit(s).
SOC 367 - Criminal Justice and Social Inequality,3 credit(s).
SOC 368 - Sociology of Law,3 credit(s).
SOC 397 - Community Engagement Internship,3 credit(s).
SOC 398 - Special Topics in Sociology,3 credit(s).
SOC 404 - Gender and the Law,3 credit(s).
"SOC 411 - Race, Residence, and Policing",3 credit(s).
SOC 415 - Contemporary Feminist Theories,3 credit(s).
SOC 490 - Seminar in Sociology,3 credit(s).
SOC 497 - Sociology Internship,3 to 6 credit(s).
SOC 499 - Independent Study,1 to 6 credit(s).
SPA 100 - Spanish I,3 credit(s).
SPA 101 - Spanish II,3 credit(s).
SPA 106 - Spanish Language Practice in Spain,3 credit(s).
SPA 200 - Spanish III,3 credit(s).
SPA 201 - Medical Spanish,3 credit(s).
SPA 206 - Spanish Culture in Spain,3 credit(s).
SPA 210 - Spanish IV: Latino America,3 credit(s).
SPA 300 - Composition,3 credit(s).
SPA 301 - Conversation,3 credit(s).
SPA 306 - Advanced Spanish Culture and Language Practice in Spain,3 credit(s).
SPA 310 - Spanish Civilization,3 credit(s).
SPA 312 - Latin-American Civilization,3 credit(s).
SPA 318 - Advanced Spanish for Health and Human ServicesProfessionals,3 credit(s).
SPA 320 - Culture and Civilization of Puerto Rico,3 credit(s).
SPA 350 - Exploring the Spanish Civil War through Digital Sources,3 credit(s).
SPA 397 - Internship,3 credit(s).
SPA 400 - Spanish Literature I,3 credit(s).
SPA 401 - Spanish Literature II,3 credit(s).
SPA 405 - Advanced Speaking and Writing Development,3 credit(s).
SPA 410 - Theory and Practice of Translation,3 credit(s).
SPA 411 - Professional Translation,3 credit(s).
SPA 440 - Translation Practicum,3 credit(s).
SPA 463 - Latina/o/x Identity through Film and Literature,3 credit(s).
SPA 464 - Caribbean Literary Voices,3 credit(s).
SPA 490 - Modern Novel in Spain,3 credit(s).
SPA 496 - 20th-Century Spanish-American Fiction,3 credit(s).
SPA 498 - Special Topics in Spanish,3 credit(s).
SPA 499 - Directed Reading,1 to 3 credit(s).
SWK 200 - Introduction to Social Work,3 credit(s).
SWK 320 - Human Behavior and the Social Environment I,3 credit(s).
SWK 321 - Human Behavior and the Social Environment II,3 credit(s).
SWK 330 - Social Welfare Institutions and Policies I,3 credit(s).
SWK 350 - Social Work Research Methods,3 credit(s).
SWK 376 - Introduction to Social Work Practice,3 credit(s).
SWK 377 - Social Work Practice with Groups,3 credit(s).
SWK 378 - Social Work Practice with Community and Organizations,3 credit(s).
SWK 380 - Children and Families in Child Welfare: A Practice and  Perspective,3 credit(s).
SWK 381 - Community Mental Health and Substance Abuse  Practice with Adults,3 credit(s).
SWK 382 - Social Work Practice with Older Adults,3 credit(s).
SWK 390 - Social Work Interviewing Skills,3 credit(s).
SWK 430 - Social Welfare Institutions and Policies II,3 credit(s).
SWK 490 - Social Work Practicum I,6 credit(s).
SWK 491 - Social Work Practicum II,6 credit(s).
SWK 499 - Independent Study,1 to 3 credit(s).
T2AE 298 - Special Topics in American Experience,3 to 4 credit(s).
T2CD 298 - Special Topics in Creative Drive,3 to 4 credit(s).
T2CE 298 - Special Topics in Cultural Expression,3 to 4 credit(s).
T2CE 398 - Special Topics in Cultural Expression,3 to 4 credit(s).
T2LE 298 - Special Topics in Life and Environment,3 to 4 credit(s).
"THE 260 - Introduction to Tourism, Hospitality and Event Management",3 credit(s).
THE 320 - Meeting and Conference Planning,3 credit(s).
THE 321 - Destination New England,3 credit(s).
THE 323 - Tourism Principles and Practices,3 credit(s).
THE 330 - Hospitality Service Management,3 credit(s).
THE 331 - Hotel Operations,3 credit(s).
THE 332 - Restaurant Operations,3 credit(s).
THE 333 - Wedding Planning,3 credit(s).
THE 364 - Event Management Advanced Applications,3 credit(s).
THE 365 - Event Planning and Production,3 credit(s).
"THE 368 - Risk Management in Tourism, Hospitality, and EventManagement",3 credit(s).
THE 381 - Leisure in Contemporary Society,3 credit(s).
"THE 433 - Professional Development in Tourism, Hospitality, andEvent Management",3 credit(s).
THE 463 - Global Tourism Impacts and Management,3 credit(s).
THR 100 - Understanding Theatre,3 credit(s).
THR 121 - Foundations of Acting,3 credit(s).
THR 122 - Professional Voice and Diction,3 credit(s).
THR 131 - Foundations of Theatrical Design,3 credit(s).
THR 151 - Stagecraft I,3 credit(s).
THR 211 - History of Theatre I,3 credit(s).
THR 212 - History of Theatre II,3 credit(s).
THR 220 - Acting I,3 credit(s).
THR 223 - Historic Dance for Actors,3 credit(s).
THR 224 - Beginning Tap and Jazz Dance,3 credit(s).
THR 228 - Shakespeare Workshop,3 credit(s).
THR 232 - Costume Construction,3 credit(s).
THR 234 - Costume Design I,3 credit(s).
THR 236 - Stage Makeup,3 credit(s).
THR 238 - Lighting I,3 credit(s).
THR 240 - Play Analysis and Dramaturgy,3 credit(s).
THR 252 - Technical Drafting for the Theatre,3 credit(s).
THR 291 - Rehearsal and Performance I,1 credit(s).
THR 296 - Technical Theatre Production I,.5 to 2 credit(s).
THR 298 - Special Topics in Theatre,3 credit(s).
THR 310 - Playwriting,3 credit(s).
THR 315 - The American Musical Theatre,3 credit(s).
THR 320 - Acting II: Advanced Scene Study,3 credit(s).
THR 324 - Intermediate Tap and Jazz Dance,3 credit(s).
THR 325 - Directing I,3 credit(s).
THR 330 - Scene Design II,3 credit(s).
THR 338 - Lighting II,3 credit(s).
THR 351 - Scene Painting,3 credit(s).
THR 365 - Stage Management,3 credit(s).
THR 375 - Theatre for Young People,3 credit(s).
THR 382 - The Movies,3 credit(s).
THR 391 - Rehearsal and Performance II,1 credit(s).
THR 396 - Technical Theatre Production II,.5 to 2 credit(s).
THR 398 - Special Topics in Theatre,.5 to 3 credit(s).
THR 399 - Practicum in Play Production,3 credit(s).
THR 415 - The Critical Eye,3 credit(s).
THR 420 - Acting III: Acting in the Non-naturalistic Play,3 credit(s).
THR 425 - Directing II,3 credit(s).
THR 460 - Theatre Management,3 credit(s).
THR 497 - Internship in Theatre,1 to 6 credit(s).
THR 499 - Independent Study in Theatre,1 to 6 credit(s).
TSL 315 - Foundations of Bilingual Education,3 credit(s).
TSL 321 - Assessment of English Learners,3 credit(s).
TSL 363 - Immigration and Multilingual Learners in U.S. Classrooms,3 credit(s).
TSL 405 - Pedagogical English Grammar,3 credit(s).
TSL 410 - TESOL Principles and Practices,3 credit(s).
TSL 411 - TESOL Methods and Materials,3 credit(s).
TSL 417 - Literacy Development for Multilingual Learners,3 credit(s).
TSL 418 - ESL Methods in Content Instruction,3 credit(s).
TSL 451 - Student Teaching in TESOL -1,5 credit(s).
TSL 452 - Student Teaching in TESOL-2,5 credit(s).
TSL 453 - Student Teaching Seminar,2 credit(s).
"WGS 100 - Dynamics of Gender, Race, and Class",3 credit(s).
"WGS 150 - Women, Gender, Community, and Technology",3 credit(s).
"WGS 200 - Gender, Sexuality, and Film",3 credit(s).
WGS 280 - Human Sexuality,3 credit(s).
WGS 298 - Special Topics in Women and Gender Studies,3 credit(s).
WGS 309 - Women and Religion: The Old and New Eve,3 credit(s).
"WGS 310 - Women, Gender, Philosophy and Science",3 credit(s).
WGS 312 - Communication and Gender,3 credit(s).
WGS 315 - Sociology of Gender,3 credit(s).
WGS 317 - History of Women and Art,3 credit(s).
WGS 325 - Representations of (M)otherhood,3 credit(s).
WGS 350 - Women’s Health Consciousness: Ages 18-40,3 credit(s).
"WGS 372 - Sex, Gender, and Sexuality",3 credit(s).
WGS 404 - Gender and the Law,3 credit(s).
WGS 415 - Contemporary Feminist Theories,3 credit(s).
WGS 435 - Women's & Social Movements: Gender and Resistance,3 credit(s).
WLL 211 - Introduction to Linguistics,3 credit(s).
WLL 397 - Internship,3 credit(s).
WLL 403 - Introduction to Second Language Acquisition,3 credit(s).
WLL 452 - Secondary School Student Teaching,10 credit(s).
WLL 453 - Student Teaching Seminar—World Languages,3 credit(s).
WLL 491 - Methods of Teaching Foreign Languages at Secondary School,4 credit(s).
WLL 499 - Independent Study,1 to 3 credit(s).
